sgrna,Gene,LFC_spleen,LFC_bone,LFC_meninges,LFC_d15
gRNA_8513,Pax5,4.4421,3.6585,3.9725,0.029478
gRNA_3908,Etv6,4.0045,2.7434,2.6512,0.1607
gRNA_1569,Braf,3.8021,3.387,4.1249,-0.33766
gRNA_6383,Kmt2c,3.546,2.9269,1.4785,0.38092
gRNA_1588,Brca2,4.0543,3.8869,5.3957,-0.45928
gRNA_1552,Braf,3.6268,3.805,7.1019,1.2894
gRNA_11099,Setd2,3.5031,4.1048,4.8274,0.12344
gRNA_2043,Cdk12,3.5568,3.9826,1.255,0.37266
gRNA_8782,Pik3ca,3.3199,3.2863,2.2962,-0.95832
gRNA_7667,Nf1,3.3916,3.874,2.3158,-1.0739
gRNA_1548,Braf,3.3861,3.6011,3.1502,-0.36675
gRNA_4105,Fbxw7,3.2366,3.2564,3.7304,-0.30281
gRNA_3046,Elf3,3.1226,3.6053,4.1264,-0.11286
gRNA_1008,Atm,2.6403,2.7149,4.8605,-0.23485
gRNA_13275,ST,3.0165,1.0729,2.3861,-1.0767
gRNA_13271,ST,3.1216,3.1142,2.9733,-0.56186
gRNA_1696,Btk,2.7159,1.847,2.7802,0.45958
gRNA_11218,Smad2,2.9477,1.3887,0.52104,-0.18098
gRNA_9838,Ptprd,3.2276,3.3504,5.1627,-0.31174
gRNA_7029,Med12,3.0871,2.1415,1.6465,0.30061
gRNA_1017,Atm,2.6735,1.7991,0.11797,-0.83878
gRNA_8494,Pax5,2.5829,2.866,2.3045,-0.086694
gRNA_7473,Mtor,2.5978,2.0818,2.5177,0.093897
gRNA_10437,Rb1,2.6309,1.2494,1.8924,0.024332
gRNA_3754,Ercc4,2.776,3.2246,1.6932,1.1653
gRNA_11136,Sf3b1,2.7994,3.0839,2.3674,-0.49326
gRNA_7826,Nfe2l2,2.4425,1.8415,-0.30028,-0.31807
gRNA_12604,Trp53,2.7424,2.4414,4.6239,-1.2793
gRNA_11219,Smad2,2.7538,3.12,1.3227,-0.0035023
gRNA_12567,Trp53,2.3393,2.3812,3.2018,0.63586
gRNA_1322,Bap1,2.4559,2.2562,2.134,0.65931
gRNA_3032,Eif1ad19,2.7306,3.0646,-0.092416,-0.86635
gRNA_8936,Pik3cd,2.3513,2.3442,1.7251,0.24808
gRNA_10574,Recql,2.1667,1.5004,0.78308,0.12729
gRNA_3511,Erbb2,2.4823,2.4139,3.8167,-0.37679
gRNA_3060,Ep300,2.665,2.0592,3.5178,-1.1851
gRNA_13284,ST,2.3925,2.6186,5.208,-0.1793
gRNA_3224,Epha5,2.0643,1.5414,1.6602,-0.10883
gRNA_3909,Etv6,2.2842,2.6952,1.806,0.22366
gRNA_11994,Stat3,2.4707,2.327,0.2316,0.38663
gRNA_11337,Smad4,2.4288,1.134,-0.443,0.77448
gRNA_10397,Rasa1,2.461,1.4969,-3.233,-0.10615
gRNA_2748,Dnmt3a,2.511,3.5182,4.7833,0.31847
gRNA_5742,Jak1,2.1299,1.3957,2.6202,-0.12056
gRNA_1989,Cdc73,2.3495,2.8129,3.9176,0.70014
gRNA_2696,Dnmt3a,2.0644,2.5699,1.029,-0.07654
gRNA_3012,Egfr,2.4486,1.5561,-1.9142,0.87568
gRNA_3926,Etv6,2.3,2.32,2.7762,-0.23095
gRNA_12509,Trp53,2.3317,2.098,1.6609,-0.33192
gRNA_4143,Fbxw7,2.3727,1.7551,4.1044,0.99179
gRNA_7815,Nfe2l2,1.808,2.8526,6.8775,0.15261
gRNA_2011,Cdh1,2.3965,2.4251,0.18862,0.7795
gRNA_12580,Trp53,2.0291,1.5306,0.63424,1.1513
gRNA_8808,Pik3ca,2.1757,1.5623,-0.093151,-0.15836
gRNA_5620,Irf8,2.1713,1.3585,0.19329,-0.97484
gRNA_1377,Bcl2,2.1095,0.9495,2.2093,0.68286
gRNA_197,Alk,2.1474,1.5579,2.1575,-0.85916
gRNA_11209,Smad2,1.8192,2.4383,0.77894,0.48934
gRNA_8493,Pax5,1.674,0.70393,2.5708,-0.32008
gRNA_11500,Smarca4,1.889,2.2942,-0.12612,-0.67454
gRNA_8216,Npm1,2.0262,2.2391,1.945,0.63831
gRNA_3755,Ercc4,2.0661,2.3205,-3.2752,0.090818
gRNA_1036,Atm,2.1013,0.84284,1.9039,1.2207
gRNA_3925,Etv6,1.8528,0.86257,2.4324,-1.0019
gRNA_11312,Smad4,1.8814,2.0647,-2.7081,-0.18009
gRNA_1906,Cbl,2.1102,2.1206,0.58115,-0.60557
gRNA_4889,Gnas,1.9203,1.6749,1.6142,-1.0416
gRNA_5861,Kdm5c,1.819,0.76002,-1.3205,-0.63449
gRNA_10969,Runx1,1.7979,1.4287,1.2202,0.70729
gRNA_2521,Cul3,2.1303,1.762,4.5896,-1.1301
gRNA_2203,Cic,2.1294,1.1409,1.2655,-0.027531
gRNA_12530,Trp53,1.9407,1.8762,1.8905,0.71258
gRNA_3061,Ep300,1.9967,1.7423,2.9534,-0.16597
gRNA_4032,Fat1,1.9526,2.1397,3.6536,1.0678
gRNA_4894,Gnb1,1.7264,-0.18888,1.9165,-0.207
gRNA_12244,Tbx3,1.961,1.967,3.582,-1.4632
gRNA_7510,Myd88,1.7995,3.0455,4.5263,0.5254
gRNA_3089,Ep300,1.5157,2.5174,2.7074,-0.23081
gRNA_3283,Epha5,1.8826,1.5437,1.0043,0.61559
gRNA_9064,Pik3r1,1.5674,1.4722,7.3378,-0.16086
gRNA_10597,Ret,1.5602,1.7068,1.6214,-0.55998
gRNA_1011,Atm,1.962,1.6588,3.1432,-1.2525
gRNA_10623,Rhoa,1.6895,1.9685,5.1423,0.32759
gRNA_12383,Tet2,1.8148,1.2233,1.5367,-0.60059
gRNA_11306,Smad4,1.7755,0.14858,0.65851,0.63079
gRNA_7310,Msh3,1.6432,2.0476,0.90877,-0.14285
gRNA_11159,Sf3b1,1.5963,1.4885,-0.040807,0.088688
gRNA_2446,Ctnnb1,1.8565,1.6645,0.45721,0.53311
gRNA_1570,Braf,1.884,2.4088,3.8266,-0.043148
gRNA_3545,Erbb3,1.742,0.62064,1.1402,-0.14401
gRNA_1858,Casp8,1.7507,2.3519,-0.6545,-0.35565
gRNA_740,Arid1b,1.7851,0.71579,1.3798,0.19566
gRNA_11113,Setd2,1.4665,1.0277,2.7566,-0.61701
gRNA_3313,Epha7,1.5064,0.60444,-1.3458,0.44791
gRNA_10635,Rhoa,1.5794,0.16086,-0.46263,0.29093
gRNA_198,Alk,1.6684,2.6247,3.8523,0.53608
gRNA_9056,Pik3r1,1.6023,-0.25406,-0.30638,0.86345
gRNA_5860,Kdm5c,1.4236,2.1697,2.6526,-0.20535
gRNA_11111,Setd2,1.5159,1.5878,-0.65202,0.045238
gRNA_2202,Cic,1.3691,0.87782,1.3972,-0.77986
gRNA_830,Arid2,1.66,1.7912,2.0663,-1.0621
gRNA_12652,Trp53bp1,1.4768,1.7179,0.048913,-0.11751
gRNA_3026,Eif1ad19,1.3332,1.796,1.7333,0.024278
gRNA_2399,Ctcf,1.4688,0.92621,0.049289,0.4991
gRNA_2297,Crebbp,1.3813,0.57148,3.3501,0.23574
gRNA_9041,Pik3r1,1.3286,1.3749,0.37969,-0.56156
gRNA_10681,Rit1,1.537,1.412,3.0745,-0.37445
gRNA_10970,Runx1,1.6844,1.34,2.2683,0.71682
gRNA_6103,Kit,1.5644,1.2011,0.97592,0.49425
gRNA_5777,Jak2,1.4541,1.2759,1.1179,-0.62607
gRNA_8841,Pik3ca,1.4425,0.61168,-0.77521,-0.39516
gRNA_806,Arid1b,1.4329,-0.026026,-3.3695,-1.8056
gRNA_11702,Sos1,1.4977,1.7143,3.0503,-1.1242
gRNA_2385,Csf3r,1.2472,1.2291,3.0312,0.17495
gRNA_1321,Bap1,1.3979,-0.45161,1.1095,0.542
gRNA_2747,Dnmt3a,1.7061,0.90569,-0.81873,0.57938
gRNA_1150,Atrx,1.4999,1.628,-0.67998,-0.10193
gRNA_6782,Lck,1.5624,-0.29903,0.99079,0.12441
gRNA_13280,ST,1.4289,1.5713,1.1353,0.36746
gRNA_11169,Sf3b1,1.2642,1.2172,3.0387,0.44036
gRNA_12602,Trp53,1.3702,0.47686,0.12013,0.83714
gRNA_8858,Pik3ca,1.4868,0.28389,1.8846,-1.0737
gRNA_13270,ST,1.3831,1.5251,2.155,0.67878
gRNA_3107,Ep300,1.5717,0.55906,0.43419,0.83695
gRNA_12498,Trp53,1.4217,1.9808,2.2142,0.16311
gRNA_2803,Dnmt3a,1.278,1.9514,1.1293,0.082803
gRNA_1461,Bcor,1.3554,0.68547,1.2923,0.579
gRNA_12151,Suz12,1.1623,2.4697,0.086653,-0.044472
gRNA_1127,Atrx,1.5061,2.5452,1.7721,0.32527
gRNA_992,Atm,1.576,1.727,2.5611,-0.8098
gRNA_4141,Fbxw7,1.2848,1.0888,-0.80852,0.016685
gRNA_8834,Pik3ca,1.2937,1.6582,0.47002,0.38191
gRNA_4119,Fbxw7,1.2033,0.79288,-0.0074026,-0.18252
gRNA_1738,Card11,1.3825,0.33024,1.6155,-0.41234
gRNA_741,Arid1b,1.1749,1.2259,2.4745,0.37215
gRNA_12523,Trp53,1.4007,0.63918,4.0955,1.3169
gRNA_2445,Ctnnb1,1.3162,1.3524,1.6926,-0.23685
gRNA_1095,Atr,1.334,1.6775,0.18092,-0.52038
gRNA_5227,Igf1r,1.3048,1.1524,0.23911,-0.13244
gRNA_6831,Map2k1,1.2785,1.5652,2.1342,-0.30313
gRNA_1973,Cd79a,-3.725,-3.934,-1.275,0.54792
gRNA_1545,Braf,1.4628,1.9284,2.8183,-0.030166
gRNA_4263,Fgfr2,1.3946,1.5292,1.1753,-0.01353
gRNA_10378,Rara,-2.7419,-3.7309,-1.8203,0.048213
gRNA_1145,Atrx,1.1996,0.55961,1.5808,-0.37705
gRNA_13285,ST,1.3383,-0.20188,1.1682,-0.69321
gRNA_2240,Crebbp,1.1203,0.97582,-0.90589,0.048538
gRNA_12386,Tet2,1.2107,0.96123,-3.6577,0.44714
gRNA_3680,Ercc2,-2.527,-1.4624,-0.028916,0.28239
gRNA_828,Arid2,1.4615,0.32897,2.5706,-0.9117
gRNA_1459,Bcor,-2.8553,-1.6169,0.88206,0.14774
gRNA_3705,Ercc2,1.171,0.49454,3.6317,0.40057
gRNA_1963,Ccnd3,-3.1503,-2.4767,-1.671,0.91437
gRNA_12925,U2af1,1.2117,0.38263,-1.0536,0.19538
gRNA_8827,Pik3ca,-2.3236,-1.5348,0.95951,0.4114
gRNA_3047,Elf3,1.443,-1.9174,-1.0381,-0.69272
gRNA_6781,Lck,-5.1948,-2.6059,-2.8112,0.17848
gRNA_1065,Atm,1.1896,0.11281,-0.070283,-0.25352
gRNA_12601,Trp53,1.2955,0.27843,3.154,0.23628
gRNA_8997,Pik3cg,-2.3068,-1.7231,-0.451,0.50458
gRNA_1550,Braf,1.1984,0.60252,1.2175,-0.95994
gRNA_3523,Erbb3,1.1817,0.59162,2.4988,-0.54878
gRNA_3995,Fas,-1.8166,-1.1611,1.3944,0.025677
gRNA_12826,Tsc1,1.3075,0.94506,-2.5398,-0.88758
gRNA_12002,Stat3,1.1146,0.51335,0.45033,0.38531
gRNA_4893,Gnb1,1.144,0.36305,1.6321,-1.343
gRNA_1905,Cbl,-3.4689,-1.7638,-0.19799,0.086537
gRNA_95,Akt1,-3.8562,-2.2321,-1.0134,0.41888
gRNA_13274,ST,1.2247,0.39209,1.7609,-0.42201
gRNA_3679,Ercc2,-3.0616,-2.3305,0.011581,0.69865
gRNA_11703,Sos1,1.2112,1.5513,0.8093,-0.44669
gRNA_7143,Met,1.3347,0.33753,0.59866,-0.24481
gRNA_3469,Erbb2,-2.3398,-2.5064,-2.9375,0.063204
gRNA_8855,Pik3ca,0.96008,0.85675,1.997,0.17728
gRNA_1069,Atp6v1b2,1.1715,1.6344,3.9046,-0.22011
gRNA_1343,Bap1,1.3398,0.81147,2.7267,1.7889
gRNA_7264,Mlh1,1.1694,0.51394,-0.66866,-0.27189
gRNA_1460,Bcor,-2.0119,-1.2749,-0.89406,-0.19139
gRNA_1283,B2m,-3.1362,-2.6166,-2.1935,0.93011
gRNA_3843,Esr1,-2.4336,-1.3476,-0.12259,-0.49789
gRNA_4191,Fgf4,-3.2753,-2.5128,-4.132,0.29615
gRNA_4770,Gata3,1.1381,1.954,1.2264,-0.017536
gRNA_901,Arid5b,-6.2253,-3.1779,-4.7959,-0.34726
gRNA_8409,Ntrk3,1.1417,0.39987,1.6439,0.32784
gRNA_3676,Ercc2,1.078,1.0704,0.51288,0.20922
gRNA_2568,Daxx,-2.1455,-1.6712,-4.2095,0.15767
gRNA_1491,Bcor,1.0507,0.6506,2.3202,0.13551
gRNA_4826,Gli1,1.2041,0.7687,-1.1451,-0.57805
gRNA_12081,Stk11,1.0221,0.25182,-0.76667,-0.54061
gRNA_3142,Epha3,0.97877,0.95809,1.5011,-0.12684
gRNA_4590,Foxa1,-1.9378,-1.629,0.266,-0.10331
gRNA_1573,Braf,1.2087,0.74185,-1.7223,-0.12012
gRNA_12548,Trp53,-3.4306,-3.9092,-3.4332,0.99428
gRNA_12064,Stat6,-2.5208,-2.2784,-2.4115,-0.074094
gRNA_11967,Stag2,1.0929,1.3908,2.5053,0.43939
gRNA_7873,Nkx3-1,-1.6087,-0.78611,-2.6266,0.79162
gRNA_8791,Pik3ca,-2.7896,-0.80003,1.522,-0.66958
gRNA_2692,Dnmt3a,0.91047,1.0975,1.7939,-0.39692
gRNA_12500,Trp53,-1.9403,-2.1858,-2.3963,0.26478
gRNA_4302,Fgfr3,-3.8339,-2.3017,-5.4938,0.10174
gRNA_13059,Xiap,1.0174,1.6284,0.78417,-0.12422
gRNA_4704,Fyn,-3.5693,-1.0625,-4.7392,-1.1234
gRNA_12558,Trp53,-1.6561,-2.469,-2.6296,-0.14181
gRNA_974,Asxl2,-2.9851,-1.6721,-3.3805,-0.17405
gRNA_9411,Pot1b,-2.6441,-1.3247,-2.1551,0.72204
gRNA_13279,ST,1.2169,1.9183,0.37781,-0.57548
gRNA_7188,Mga,1.1302,1.7505,-0.90979,0.20695
gRNA_12583,Trp53,-3.018,-2.9141,-1.9014,-0.077274
gRNA_4969,Grin2a,1.2395,0.46537,3.2166,-0.59985
gRNA_6912,Map3k1,-2.2044,-1.8046,-5.89,-0.068821
gRNA_7558,Ncoa3,1.1585,0.60574,1.8251,-0.82389
gRNA_2494,Ctnnb1,-2.7768,-0.64911,-6.2922,-0.017445
gRNA_10456,Rb1,1.0189,0.70127,-0.22404,0.044109
gRNA_4440,Flt3,-2.4722,-2.059,-4.658,0.40588
gRNA_5454,Inpp4a,-1.8068,-1.7266,-1.7433,-0.16184
gRNA_7822,Nfe2l2,1.1783,2.1786,1.1159,-0.056374
gRNA_1148,Atrx,-2.4693,-0.82976,-4.013,0.68389
gRNA_4033,Fat1,-2.0636,-1.4268,-0.54207,0.5809
gRNA_3383,Epha7,-2.1946,-3.0723,-1.6692,0.40553
gRNA_7917,Notch1,-2.1644,-1.987,-1.1705,0.1436
gRNA_4106,Fbxw7,1.1131,1.762,-0.35777,-0.93797
gRNA_10595,Ret,-2.1649,-1.1109,-4.3833,-0.032105
gRNA_9706,Ptpn11,0.80033,1.5404,1.581,0.016694
gRNA_2794,Dnmt3a,-1.9596,-2.0269,-0.57757,-0.018693
gRNA_12596,Trp53,-1.555,-1.7939,-3.1028,0.058774
gRNA_2154,Cic,-1.3664,-0.99193,-1.8767,0.40689
gRNA_13010,Vhl,-1.8768,-0.87774,0.46036,0.10642
gRNA_1925,Ccnd1,-2.0404,-1.8988,-1.6777,0.012144
gRNA_10657,Rictor,1.2367,0.54705,1.9556,-0.62199
gRNA_8891,Pik3cb,-1.8609,-1.6443,0.40514,-0.087461
gRNA_12535,Trp53,0.98477,0.70252,2.6727,0.18808
gRNA_11223,Smad2,0.89354,0.59489,1.2629,-0.27962
gRNA_10380,Rara,-2.2093,-1.1528,-0.91917,0.45051
gRNA_2702,Dnmt3a,-3.2948,-2.2643,-7.6139,-0.27039
gRNA_6759,Lats1,-2.6249,-3.2846,-3.3582,0.24802
gRNA_5319,Ikzf1,-2.1336,-1.6817,0.19444,0.26814
gRNA_9611,Prkd1,-2.0257,-1.9724,-4.9462,0.21542
gRNA_1383,Bcl2,-2.1443,-1.8779,-1.5742,-0.55643
gRNA_4422,Flt1,-3.1675,-2.4972,0.064522,-0.56212
gRNA_3471,Erbb2,-2.0932,-1.6468,-1.5893,0.31557
gRNA_7828,Nfe2l2,0.91224,-0.80517,1.5164,0.22155
gRNA_1972,Cd79a,-2.0277,-1.6224,0.33517,0.46353
gRNA_6064,Keap1,-1.8369,0.087109,2.6382,0.95687
gRNA_8840,Pik3ca,0.8013,0.537,0.81866,0.098923
gRNA_5614,Irf4,1.0185,1.2983,-0.31591,0.21803
gRNA_9063,Pik3r1,-1.4186,0.0062198,-1.1254,0.15027
gRNA_10275,Rad21,-2.7415,-1.401,-4.8308,-0.085358
gRNA_2957,Eed,-2.4019,-3.2244,-4.1186,-0.52512
gRNA_3525,Erbb3,0.97873,0.097804,0.99111,0.57191
gRNA_12369,Tet2,0.86552,0.10482,-2.0813,-0.37723
gRNA_4116,Fbxw7,0.89647,0.52432,2.1209,0.17957
gRNA_3578,Erbb3,-1.5532,-1.3304,-0.32815,0.30551
gRNA_12654,Trp53bp1,0.80179,0.93582,2.0177,0.18128
gRNA_3976,Ezh2,-6.8882,-6.2833,-4.8206,-1.5789
gRNA_12522,Trp53,1.0274,0.53256,1.0116,-0.5953
gRNA_11336,Smad4,0.93181,-0.69491,-0.429,-0.0088259
gRNA_12591,Trp53,1.1435,0.09721,-1.9229,-0.77793
gRNA_4225,Fgfr1,0.85403,1.1517,2.4837,0.32718
gRNA_3515,Erbb2,-1.7014,-2.7182,-2.047,0.10865
gRNA_5501,Inppl1,-2.5675,-3.0678,-3.1854,0.81829
gRNA_13265,ST,1.0664,1.3999,3.9003,-0.19279
gRNA_978,Asxl2,-2.2298,-0.80838,-3.1529,0.16916
gRNA_767,Arid1b,-2.1642,-1.1477,-6.2683,-0.012613
gRNA_11532,Smarca4,-2.1527,-3.8788,-3.3749,-0.32561
gRNA_1848,Carm1,-5.2934,-1.9517,-3.4853,0.034077
gRNA_6744,Lats1,0.93103,0.91492,-2.1263,1.191
gRNA_3220,Epha3,1.1273,1.6085,-0.30024,-0.2207
gRNA_11748,Sox2,-1.8224,-1.1104,0.035745,0.42563
gRNA_3682,Ercc2,0.95611,0.55182,-0.37635,1.6094
gRNA_6745,Lats1,-1.857,-2.1518,-1.971,0.3389
gRNA_12845,Tsc2,-1.9301,-2.4613,-3.4742,0.87244
gRNA_3522,Erbb3,-2.5202,-2.2779,-3.8557,-0.22888
gRNA_4104,Fbxw7,1.0184,1.1701,2.9806,0.34829
gRNA_1591,Brca2,-1.8891,0.1313,-2.5224,0.0037742
gRNA_2810,Dnmt3a,-1.8912,-0.4853,-2.4254,-0.40433
gRNA_5773,Jak2,0.98017,0.35272,0.76503,0.52747
gRNA_10930,Runx1,0.84448,1.7903,0.78113,0.0067026
gRNA_1929,Ccnd1,-2.3764,-2.2167,-7.8704,0.16313
gRNA_12890,Tsc2,-1.895,-1.2211,-2.8747,0.42593
gRNA_10107,Ptprt,0.91904,0.34259,1.2739,0.24367
gRNA_6992,Max,-1.8268,-2.1684,-0.20216,0.38854
gRNA_6384,Kmt2c,-1.5221,-1.0184,-2.0107,-0.026957
gRNA_9286,Pms2,-1.7628,-1.1235,-0.29014,-0.26275
gRNA_2842,Dot1l,-1.7945,-1.7429,1.6683,0.011924
gRNA_9115,Pik3r3,-2.2128,-2.0827,-4.3093,0.61983
gRNA_2265,Crebbp,-2.1933,-1.9955,-1.9967,0.59836
gRNA_3838,Esr1,-2.0395,-1.8337,-8.2337,-1.0175
gRNA_4195,Fgf4,0.74219,0.96386,1.0993,0.16509
gRNA_12582,Trp53,-3.7069,-1.9296,-4.6337,0.52968
gRNA_4193,Fgf4,-1.8419,0.68004,2.1066,0.58276
gRNA_10343,Raf1,-1.6143,-1.6471,-2.1022,0.035941
gRNA_3868,Esr1,-1.6259,-0.69722,2.238,-0.039215
gRNA_3712,Ercc2,-1.7692,-1.9336,-0.83846,-0.065666
gRNA_4248,Fgfr2,0.96938,1.5035,2.955,-0.4173
gRNA_2012,Cdh1,-2.7709,-2.4542,-2.62,-0.28597
gRNA_8695,Phf6,1.05,-0.66729,-0.093889,-0.5293
gRNA_1817,Card11,-1.569,-2.94,-1.2118,-0.0034673
gRNA_11305,Smad4,-2.0302,-1.3444,-2.4744,0.85941
gRNA_6848,Map2k2,-2.4252,-1.0717,-3.3495,-0.066165
gRNA_6480,Kmt2d,-4.9852,-2.8657,-5.4923,0.26624
gRNA_4459,Flt3,0.96117,2.1813,0.35034,-0.25303
gRNA_7170,Mga,-1.8963,-2.2802,2.0756,0.46803
gRNA_6080,Keap1,-2.0739,-1.1663,-0.43221,0.81353
gRNA_594,Arid1a,0.97881,1.3929,-0.91811,0.45755
gRNA_2440,Ctcf,-1.9049,-0.05954,-0.81069,0.37129
gRNA_12203,Tbx3,-1.6843,-1.185,-0.32546,-0.26096
gRNA_5741,Jak1,0.93927,0.61827,1.3066,-0.61372
gRNA_1066,Atm,0.82767,1.379,-1.8462,-0.051751
gRNA_3861,Esr1,-1.8526,-1.1442,-1.9115,0.021099
gRNA_1406,Bcl2,-3.4395,-0.71123,-3.4171,0.045627
gRNA_12579,Trp53,-3.6585,-5.7114,-3.5932,-2.1861
gRNA_13604,NT,-2.4539,-3.0555,-4.6614,-1.728
gRNA_736,Arid1b,0.92595,0.028389,-0.47783,-0.074911
gRNA_6797,Lyn,-2.1374,-1.5611,-0.59421,0.26094
gRNA_11132,Sf3b1,-2.2479,-0.82207,-2.3869,0.32226
gRNA_7512,Myd88,0.89469,-0.13158,0.02906,0.16557
gRNA_7627,Negr1,-2.2264,-1.8348,-3.1455,-0.20223
gRNA_13011,Vhl,-1.9286,-2.001,-6.1153,0.038883
gRNA_10932,Runx1,0.92882,0.059444,-4.7478,0.66234
gRNA_12501,Trp53,-1.7347,-2.6959,-1.4251,0.23324
gRNA_8793,Pik3ca,-1.8325,-1.468,0.29479,0.31667
gRNA_10379,Rara,-4.1834,-2.8319,-5.8556,-0.083384
gRNA_1382,Bcl2,-2.1907,-1.6663,-0.90394,0.0086627
gRNA_12576,Trp53,-1.7165,-2.4538,-5.2746,0.12277
gRNA_1961,Ccnd3,-1.8495,-2.105,-0.53214,-0.19303
gRNA_1901,Cbl,0.80352,0.92121,-0.20588,-0.69362
gRNA_4213,Fgfr1,0.87538,0.18217,-0.31803,-0.051458
gRNA_1380,Bcl2,-2.6774,-3.2821,-5.0116,0.16846
gRNA_4547,Foxa1,-1.6622,-1.2798,0.099858,0.28881
gRNA_12499,Trp53,1.0773,1.3388,-3.3178,0.92362
gRNA_10504,Rbm10,-3.2887,-5.2146,-0.043177,-1.1059
gRNA_1083,Atr,-1.6921,-1.2247,2.3208,0.43449
gRNA_5372,Inha,-3.041,-2.0326,1.5105,0.88007
gRNA_6914,Map3k1,-1.5581,-1.6374,-2.0724,0.45669
gRNA_1313,Bap1,-1.4696,-0.86314,1.3112,0.53147
gRNA_10617,Rheb,-1.6101,-1.5885,-1.462,0.14424
gRNA_4194,Fgf4,-1.3799,-0.74141,-0.48368,-0.33136
gRNA_3704,Ercc2,0.88448,0.5332,2.3758,-0.091336
gRNA_1725,Card11,0.95618,1.4433,-1.0607,-0.34341
gRNA_2645,Dis3,-4.743,-1.1758,-0.028004,-2.0643
gRNA_4829,Gli1,-1.9639,-2.0321,-3.7992,0.27173
gRNA_1904,Cbl,-2.73,-1.3758,0.55449,0.29885
gRNA_2914,Drosha,1.0195,0.30743,5.1941,-0.64292
gRNA_6105,Kit,0.77536,-0.12898,-2.4791,-0.60625
gRNA_4621,Foxo1,-4.3365,-3.4976,-3.7897,-3.5977
gRNA_4961,Grin2a,-2.9132,-4.8223,0.61647,-0.50013
gRNA_8868,Pik3ca,-2.0169,-1.6102,-5.6724,-0.35151
gRNA_235,Amer1,0.84396,1.742,-0.49177,-0.18661
gRNA_11195,Shq1,0.91388,1.2816,0.98438,0.22381
gRNA_12653,Trp53bp1,-1.3562,-1.6787,-2.8771,-0.18403
gRNA_5627,Irs1,-1.1793,-0.77634,-1.4371,-0.024287
gRNA_7204,Mga,-1.8593,-2.3485,-4.1428,-0.89509
gRNA_9612,Prkd1,0.86369,1.7074,0.44807,0.2863
gRNA_12624,Trp53,-1.6429,-0.57132,0.0053973,-0.54406
gRNA_7901,Notch1,-1.126,-1.7614,0.089655,0.0076361
gRNA_7557,Ncoa3,-1.728,-2.8285,-4.8896,-0.28435
gRNA_1000,Atm,0.80227,1.2288,0.2438,-0.4076
gRNA_1340,Bap1,-1.5757,-1.4495,-2.4781,0.16371
gRNA_807,Arid1b,-3.0002,-2.1805,-6.3158,-0.66928
gRNA_10929,Runx1,-2.4781,-5.3756,-0.64078,-0.57936
gRNA_7813,Nfe2,-1.6754,-1.9686,-3.3333,0.33613
gRNA_3996,Fas,-1.2388,-0.034238,0.73569,0.18659
gRNA_4549,Foxa1,-1.8173,-1.2024,-2.551,-0.038626
gRNA_5237,Igf1r,-2.1639,-0.54118,-4.7787,0.69139
gRNA_12954,Upf1,-1.5504,-1.9427,-3.9222,0.6373
gRNA_122,Akt3,-2.49,-2.4312,-0.67431,-0.49133
gRNA_1983,Cd79b,-1.0209,-1.5227,-2.2737,0.21568
gRNA_13602,NT,-2.7411,-2.8169,-0.29745,0.46925
gRNA_4330,Fgfr3,0.75807,0.72769,2.6046,-0.15338
gRNA_3842,Esr1,-1.3581,-0.48845,-0.59709,-0.061771
gRNA_12588,Trp53,0.74363,0.16147,-0.27778,0.59759
gRNA_5477,Inpp4a,0.65131,0.67332,0.19063,-0.15252
gRNA_1342,Bap1,-1.2095,-1.8635,-0.66136,0.56762
gRNA_12164,Syk,-2.205,-2.1919,-1.0853,-0.7843
gRNA_6112,Kit,-2.0471,-0.32616,0.47118,0.70594
gRNA_3030,Eif1ad19,0.79894,0.58629,-0.086524,0.40818
gRNA_11157,Sf3b1,0.98605,0.31178,-0.83901,0.63187
gRNA_12608,Trp53,-4.2224,-2.697,2.3112,-0.94109
gRNA_9703,Ptpn1,-1.4733,-2.1018,-3.5657,-0.2283
gRNA_8804,Pik3ca,-2.2103,-3.9303,-7.0078,-1.1509
gRNA_8835,Pik3ca,-1.4234,-2.4404,-4.6203,-1.1156
gRNA_1855,Casp8,0.90135,0.21444,1.4986,-0.69556
gRNA_7787,Nf2,0.81477,1.0126,1.8072,-0.8348
gRNA_4144,Fbxw7,0.89188,1.4969,2.0869,-0.84155
gRNA_7392,Mtor,0.85132,0.1096,0.71027,-0.15563
gRNA_11158,Sf3b1,-1.9122,-1.7209,-2.7733,-0.24955
gRNA_6712,Kras,-1.5082,-1.7765,-2.0669,0.24443
gRNA_8998,Pik3cg,-1.4903,-1.3955,-3.8946,0.91699
gRNA_1082,Atr,-1.5932,-1.6321,-0.33063,0.2885
gRNA_12534,Trp53,0.77339,0.097446,0.55186,-0.50137
gRNA_979,Asxl2,-2.4187,-1.1261,-0.66369,-0.37859
gRNA_2466,Ctnnb1,-1.2637,-0.23354,0.54511,-0.022223
gRNA_3570,Erbb3,0.72086,1.1341,0.8395,-0.32775
gRNA_12595,Trp53,-1.9356,-0.72669,-0.70618,0.40437
gRNA_10573,Recql,0.69155,0.59812,2.4914,0.591
gRNA_9114,Pik3r3,-1.2948,-2.0243,-5.4973,1.0836
gRNA_4192,Fgf4,-1.2348,-0.71938,0.10128,0.55966
gRNA_10684,Rit1,-2.0631,-1.612,-0.49031,0.20153
gRNA_12850,Tsc2,-1.51,-0.62434,-0.86276,-0.99369
gRNA_1361,Bap1,-1.1136,-0.83775,-0.97358,0.31057
gRNA_11017,Sdha,-1.2844,-2.3179,-0.14289,0.19959
gRNA_8867,Pik3ca,0.96957,-0.1103,1.7939,-0.56358
gRNA_3543,Erbb3,-1.2371,-0.79986,1.5389,0.87792
gRNA_7956,Notch1,-1.1523,-0.68898,0.48161,0.46259
gRNA_13007,Vhl,-2.3254,-4.3055,-6.5708,0.96391
gRNA_1463,Bcor,0.75812,1.7713,0.46946,-0.57931
gRNA_11798,Sox9,-1.548,-1.8695,-2.9547,-0.056518
gRNA_5373,Inha,0.78768,1.1204,-0.74445,-0.0098308
gRNA_7902,Notch1,-1.2046,-0.45778,0.08118,0.49359
gRNA_2649,Dis3,-1.1164,-1.3686,-3.6286,-0.19681
gRNA_3681,Ercc2,-1.2353,-0.57022,-0.904,0.44632
gRNA_12026,Stat3,-1.6337,-2.0238,-0.56551,-0.28918
gRNA_2474,Ctnnb1,0.95364,0.65621,-1.4028,-0.1918
gRNA_11071,Setbp1,0.66318,-0.2421,-0.67816,-0.49643
gRNA_4117,Fbxw7,-1.1463,-0.97619,-0.90874,0.63182
gRNA_10637,Rhoa,-1.5479,-0.97272,-3.1344,-0.76424
gRNA_3577,Erbb3,-1.1932,-2.033,-1.868,0.23409
gRNA_10572,Recql,-2.2965,-2.5535,-6.4212,0.31307
gRNA_3470,Erbb2,-1.6456,-1.1011,0.72694,-0.30138
gRNA_11182,Sh2b3,-2.1485,-1.4437,3.8051,-0.40286
gRNA_3924,Etv6,-1.0103,-1.1827,2.072,0.3671
gRNA_7683,Nf1,-1.7711,-0.68753,-5.2306,-0.44501
gRNA_4627,Foxo1,-2.4586,-1.342,-6.058,1.0957
gRNA_8803,Pik3ca,-1.4377,-0.81017,3.1301,-0.17734
gRNA_2778,Dnmt3a,-1.7411,-1.6708,-1.6412,0.17402
gRNA_10467,Rb1,0.89661,-0.58789,1.1835,0.40954
gRNA_5236,Igf1r,-1.2542,-0.64084,-0.046587,-0.11407
gRNA_3699,Ercc2,-1.3971,-1.8036,-4.2507,-0.54591
gRNA_8652,Pdgfrb,-1.5872,-0.76236,-1.4683,0.3382
gRNA_12779,Traf7,-1.0941,-0.92697,-2.0108,-0.097798
gRNA_5509,Inppl1,-1.2812,-2.4271,-3.3428,-0.26027
gRNA_6125,Kit,-2.6015,-1.6627,-3.7505,0.81303
gRNA_4884,Gnas,-1.0834,-1.6492,0.32096,-0.089538
gRNA_6834,Map2k1,-1.9674,-1.3699,-6.6399,0.78802
gRNA_4118,Fbxw7,0.82331,2.6333,4.0226,-0.32648
gRNA_8824,Pik3ca,-1.4503,-2.5793,-7.731,-0.32446
gRNA_3905,Etv6,-2.5884,-3.3701,-3.3393,-0.33324
gRNA_3923,Etv6,-1.0963,-1.5668,-3.5135,-0.29989
gRNA_6915,Map3k1,-1.1989,-1.4876,-1.7155,0.59163
gRNA_2135,Chek2,0.86041,0.080579,2.5225,-2.1238
gRNA_13003,Vhl,-1.5403,-1.8221,-3.1319,-0.30982
gRNA_9392,Pole,-1.3093,-2.1827,-5.2186,-0.14819
gRNA_1984,Cd79b,-0.85656,-0.81125,-1.6444,-0.068925
gRNA_12923,U2af1,-1.3203,-1.7608,-1.2947,0.14924
gRNA_1590,Brca2,-0.89297,-1.0758,0.37217,0.18525
gRNA_1558,Braf,-0.88781,-0.49149,-1.4939,-0.0061399
gRNA_10548,Rbm10,-2.077,-2.7843,-4.6498,-0.57764
gRNA_7935,Notch1,0.64794,0.4962,0.90985,-0.33907
gRNA_2284,Crebbp,-1.4392,-0.73712,-0.18643,-0.28844
gRNA_6842,Map2k1,-1.1382,-0.80892,-1.2397,0.42981
gRNA_7514,Myd88,-1.3755,-2.2739,-2.2739,-0.24231
gRNA_3694,Ercc2,-1.2225,-0.041335,0.34282,-0.20133
gRNA_11141,Sf3b1,0.69918,0.11579,-3.5076,-0.30465
gRNA_2569,Daxx,-1.8147,-0.32377,-3.8214,0.47422
gRNA_8795,Pik3ca,-0.9965,-0.58078,-1.3802,0.17639
gRNA_13004,Vhl,0.7476,-0.27807,-0.97944,-0.1187
gRNA_2473,Ctnnb1,-1.1105,-1.7111,-4.3041,0.11592
gRNA_12562,Trp53,-1.1115,-0.74848,2.2071,-0.10912
gRNA_7816,Nfe2l2,-1.2487,-0.63039,-0.8307,-0.41614
gRNA_2294,Crebbp,-0.97522,-0.41723,-0.93969,0.25399
gRNA_6830,Map2k1,-1.3173,-1.4924,0.4512,0.50983
gRNA_1318,Bap1,-1.6856,-3.4507,-3.1139,-1.49
gRNA_12577,Trp53,-1.4011,0.11001,-4.0412,0.68193
gRNA_7886,Notch1,-1.3565,-1.6469,-1.8671,0.27394
gRNA_3249,Epha5,-1.6468,-1.3742,0.44224,-0.098628
gRNA_8789,Pik3ca,0.95871,1.6059,2.3385,-0.75735
gRNA_12065,Stat6,-0.98267,-0.65639,-2.5564,0.14937
gRNA_8302,Ntrk2,0.7423,0.11704,2.9297,-0.2292
gRNA_12584,Trp53,-1.3182,-0.55631,-2.2692,0.17604
gRNA_4226,Fgfr1,0.65836,-0.20042,3.7644,0.21602
gRNA_10665,Rictor,-1.3169,-3.4527,-1.7056,0.061907
gRNA_2951,Eed,0.88713,1.5764,2.2958,-0.31254
gRNA_8896,Pik3cb,-1.4854,-3.3678,-5.1923,0.20422
gRNA_1374,Bcl2,-1.5568,-0.63905,1.2964,0.10253
gRNA_10971,Runx1,-1.4193,-0.85285,0.46927,-0.12056
gRNA_13599,NT,-1.3267,-0.49418,-3.4696,0.3542
gRNA_7919,Notch1,-1.0034,-0.83245,0.44372,-0.78972
gRNA_3086,Ep300,-2.011,0.040605,-1.8825,-1.7205
gRNA_13002,Vhl,-0.82479,0.10967,1.9211,0.22044
gRNA_12556,Trp53,-1.3287,-0.26998,0.19842,-0.73659
gRNA_11284,Smad4,-2.6024,-2.4831,-3.3466,-1.0283
gRNA_5626,Irs1,-0.85356,-1.0783,-3.3673,0.23416
gRNA_10307,Rad51c,0.81252,1.6994,2.5574,-1.111
gRNA_11499,Smarca4,0.76279,0.032321,-0.69279,-0.20776
gRNA_6134,Klf4,0.68772,0.45321,2.0272,0.44017
gRNA_2784,Dnmt3a,-1.9285,-0.30345,-0.98144,0.30697
gRNA_11449,Smarca4,-1.1482,-0.80117,-0.90976,-0.50253
gRNA_2691,Dnmt3a,-1.0512,-2.9269,0.62618,0.11169
gRNA_10690,Rnf43,-1.4284,-1.1363,-2.0141,-0.25119
gRNA_12581,Trp53,-2.2526,-4.8648,-5.3368,0.43884
gRNA_1592,Brca2,-1.6132,-1.7052,-0.94746,0.5983
gRNA_67,Ago2,-2.5242,0.52399,1.3069,1.3205
gRNA_1980,Cd79b,-1.3094,-1.8607,-0.26724,-0.53653
gRNA_12006,Stat3,-1.7666,-3.79,-6.1872,-0.69615
gRNA_1285,B2m,-2.2186,-6.8027,-5.3325,0.636
gRNA_7885,Notch1,-0.87102,0.48276,0.55659,-0.056956
gRNA_3685,Ercc2,-1.1632,-0.42345,-7.8277,-0.5444
gRNA_1045,Atm,-1.2135,-3.9663,-2.3657,0.26985
gRNA_10118,Ptprt,-0.7038,-0.89014,-1.7654,-0.022444
gRNA_2648,Dis3,-1.4515,-2.23,-0.75963,-0.21895
gRNA_10337,Raf1,-1.1702,-2.1282,-0.1939,0.60882
gRNA_7814,Nfe2,0.83508,1.1431,-2.9693,0.88915
gRNA_1362,Bap1,-0.9735,-0.33805,0.087602,0.26498
gRNA_6835,Map2k1,-1.3026,-1.3968,-5.8971,-0.41785
gRNA_8790,Pik3ca,-1.5932,0.11252,-1.023,0.52326
gRNA_2975,Egfr,0.74285,1.6022,2.7435,0.84441
gRNA_12990,Vhl,0.85998,0.13304,1.7224,-0.83235
gRNA_1049,Atm,-1.1414,-2.4414,-1.4981,-0.86808
gRNA_9744,Ptpn11,-1.5151,-0.38864,0.64919,-0.45156
gRNA_2215,Crebbp,0.80361,0.73032,-0.97084,-0.6192
gRNA_293,Apc,0.74984,0.66637,-1.3581,-0.29921
gRNA_7839,Nkx2-1,-1.1574,-0.88809,0.60583,0.6854
gRNA_1875,Cbfb,-1.2405,-1.248,-3.2919,-0.15269
gRNA_5854,Kdm5c,-2.0864,-2.7059,-2.7279,0.26321
gRNA_6109,Kit,-1.7255,-0.075748,1.8679,-1.3743
gRNA_6743,Lats1,-0.98095,-0.42499,-1.3851,-0.68219
gRNA_13260,ST,0.8439,1.1099,-0.54217,1.0959
gRNA_10448,Rb1,0.70683,0.32251,-0.72237,0.11521
gRNA_1385,Bcl2,-0.87645,0.26949,-0.75518,-0.11446
gRNA_8672,Pdgfrb,-0.83215,0.0057555,-0.86861,-0.4616
gRNA_8651,Pdgfrb,-1.4349,-0.74854,-3.6973,0.94918
gRNA_2918,Dtx1,0.48036,-0.98465,2.6213,0.20771
gRNA_2285,Crebbp,-1.0292,-0.71848,-1.5124,-0.81035
gRNA_3251,Epha5,-0.85909,0.21429,0.72488,0.32537
gRNA_6527,Kmt2d,0.59751,0.068424,-2.0623,0.20017
gRNA_2133,Chek2,-1.0512,-1.5388,-0.966,0.41293
gRNA_6473,Kmt2d,-1.7525,-3.7811,-5.6392,0.40275
gRNA_2956,Eed,-1.3977,-1.4629,-1.901,-0.32519
gRNA_10336,Raf1,-0.7851,-1.3213,-0.53125,0.18625
gRNA_10632,Rhoa,-1.2417,-2.1811,-4.2179,-1.4009
gRNA_285,Ankrd11,-1.0526,-0.56965,-1.2449,0.086591
gRNA_7384,Mtor,0.7246,0.67724,1.2864,-0.6402
gRNA_1930,Ccnd1,-1.1216,-0.80415,-5.4676,1.1412
gRNA_6604,Kmt2d,-1.132,-2.9191,-2.6997,-0.2308
gRNA_283,Ankrd11,-0.85108,-0.53364,0.24436,-0.77766
gRNA_12007,Stat3,0.61354,-0.25707,-0.50124,0.11787
gRNA_3115,Ep300,0.61826,1.068,0.28196,-0.5181
gRNA_8794,Pik3ca,-0.76817,0.34886,-1.9535,0.21519
gRNA_1953,Ccnd3,-0.93111,-1.8299,-3.0824,0.29807
gRNA_896,Arid5b,-1.552,0.98822,1.2171,0.39694
gRNA_12079,Stk11,0.57352,0.67103,0.24194,-0.49604
gRNA_4247,Fgfr2,0.54053,1.0899,-1.0761,-0.56898
gRNA_11114,Setd2,0.57813,0.23658,-0.46423,-0.18555
gRNA_12586,Trp53,0.71127,2.0051,2.6369,0.67975
gRNA_1375,Bcl2,0.56579,0.23578,3.5301,0.27406
gRNA_5194,Idh2,-0.85513,-0.11871,1.8478,0.30015
gRNA_10598,Ret,-0.92417,-0.9283,-3.2223,0.025006
gRNA_3524,Erbb3,-1.0961,-2.2067,-3.4424,-0.33237
gRNA_1337,Bap1,0.5783,-0.56438,-2.4914,-0.50313
gRNA_1733,Card11,0.6471,1.2536,1.1307,0.1171
gRNA_4142,Fbxw7,0.64647,2.0536,0.97108,-0.4943
gRNA_11607,Smo,0.64416,0.028766,-2.3896,0.24443
gRNA_3415,Ephb1,-0.98453,-0.075222,-0.17476,-0.3201
gRNA_2777,Dnmt3a,-0.8601,-1.0011,0.17181,-0.16459
gRNA_4591,Foxa1,-0.75063,-0.21639,-0.057143,0.27341
gRNA_6525,Kmt2d,0.60039,1.5738,-1.6266,-0.0015321
gRNA_8696,Phf6,-0.97563,-1.0986,-1.907,0.2184
gRNA_999,Atm,-0.76233,-1.7822,-0.08947,-0.10774
gRNA_6135,Klf4,-1.1496,-0.63404,-3.6031,-0.701
gRNA_6117,Kit,-1.2614,-0.90493,1.2151,0.58497
gRNA_13603,NT,-1.0847,-0.76725,-2.6975,-0.16584
gRNA_3225,Epha5,0.69675,0.12493,-0.022092,-0.35465
gRNA_5229,Igf1r,-0.71731,-1.9301,0.072401,-0.29304
gRNA_4304,Fgfr3,-0.81233,-2.0923,2.9162,-1.4162
gRNA_8673,Pdgfrb,0.59664,0.14975,-2.1942,0.70166
gRNA_7428,Mtor,-1.1421,-3.2172,-4.0298,-0.2083
gRNA_1146,Atrx,0.57123,0.20006,2.4306,-0.039321
gRNA_4587,Foxa1,-0.90705,-0.32864,-0.88324,0.41819
gRNA_12585,Trp53,0.7091,0.89888,2.6198,-0.27238
gRNA_12560,Trp53,-0.72651,-0.41991,-2.4136,0.022126
gRNA_4111,Fbxw7,-0.81423,-1.1638,0.53126,-0.072832
gRNA_1583,Brca1,0.53029,0.90957,3.1963,0.46947
gRNA_871,Arid2,-0.92617,-0.72682,-1.5564,0.34679
gRNA_11133,Sf3b1,-0.85271,-0.72842,-1.3319,0.22572
gRNA_6113,Kit,0.53743,0.67989,0.95595,0.48769
gRNA_11224,Smad2,-1.4433,-1.3186,-0.61395,0.63142
gRNA_2281,Crebbp,-0.69936,-0.47395,-3.9547,0.040533
gRNA_8854,Pik3ca,-0.94485,-0.27849,-1.0393,-1.0902
gRNA_6266,Kmt2b,0.53949,0.52892,2.0436,-0.19749
gRNA_12529,Trp53,-1.3901,-0.73776,-2.9557,-0.044164
gRNA_1898,Cbl,-1.087,-1.0478,-1.8513,-0.73845
gRNA_2785,Dnmt3a,-1.0014,-0.59608,-1.3659,0.19165
gRNA_895,Arid5b,0.75158,0.1444,1.2929,0.48235
gRNA_1122,Atrx,0.67563,-0.55706,2.2271,-0.91473
gRNA_10910,Rtel1,-0.96655,-2.7416,0.13096,0.23506
gRNA_1994,Cdc73,0.53351,0.47133,-2.0637,0.63647
gRNA_10634,Rhoa,0.62818,2.4121,0.40169,0.46803
gRNA_11018,Sdha,0.57117,1.0805,0.9567,-0.0092049
gRNA_7468,Mtor,0.58544,1.0997,-0.27096,-0.20341
gRNA_10106,Ptprt,-0.95185,-0.65061,-2.3218,0.64992
gRNA_12528,Trp53,-1.0829,-1.2596,0.25832,-0.93137
gRNA_1882,Cbl,-1.0834,-1.5488,-1.9026,-0.63587
gRNA_1056,Atm,-1.3511,0.43783,2.395,0.093868
gRNA_7479,Mtor,-0.76384,-1.665,-0.10935,-0.23844
gRNA_7205,Mga,-0.7163,-0.63676,-1.2072,-0.31958
gRNA_1010,Atm,0.57315,0.64095,-0.52699,-0.20912
gRNA_3114,Ep300,-0.60348,-0.22074,0.52328,0.059631
gRNA_1035,Atm,-1.019,-0.49071,-3.561,-0.97045
gRNA_1047,Atm,-1.5029,-2.3414,-2.1084,-3.1798
gRNA_4622,Foxo1,-0.97702,0.60096,1.7808,1.182
gRNA_1381,Bcl2,0.56883,0.30246,-0.39678,0.30092
gRNA_4419,Flt1,-0.72478,-0.070947,-1.0925,0.035148
gRNA_12271,Tcf3,-0.88172,0.021294,-5.5148,0.9396
gRNA_4303,Fgfr3,0.48195,-0.87761,-0.14429,0.047028
gRNA_2892,Drosha,-1.0012,-1.1122,-4.8497,-0.2443
gRNA_10636,Rhoa,0.58746,0.83539,0.072835,-0.93134
gRNA_7511,Myd88,-1.4644,1.0647,3.3424,0.63473
gRNA_12600,Trp53,0.70228,0.60633,-2.8365,0.30258
gRNA_3571,Erbb3,-0.86704,-1.135,-0.93143,0.48637
gRNA_2417,Ctcf,-0.6588,-1.2362,-0.72143,0.041705
gRNA_7827,Nfe2l2,-0.69067,0.13237,-0.041043,-0.40645
gRNA_10468,Rb1,0.73772,2.4198,2.8396,0.15706
gRNA_11689,Sos1,-0.86987,-2.8292,-3.2617,-0.33675
gRNA_12394,Tgfbr1,-1.4632,0.47247,-0.1845,-0.033241
gRNA_12502,Trp53,-0.65942,-0.76496,-0.6091,0.75151
gRNA_8569,Pdgfra,0.44945,-0.84426,-1.5769,0.54657
gRNA_8999,Pik3cg,-1.0224,-1.1715,-2.2157,-0.96939
gRNA_7429,Mtor,-1.261,0.49395,-5.4853,0.25183
gRNA_1378,Bcl2,0.59958,-0.070846,-2.6048,-0.70348
gRNA_12894,Tshr,-0.99432,-0.92202,-4.1663,-0.19788
gRNA_12557,Trp53,-0.647,-0.3591,-0.5059,-0.034795
gRNA_6087,Keap1,0.487,1.0218,0.73155,0.010814
gRNA_12754,Traf7,-1.179,-0.66719,-1.3425,0.80263
gRNA_5628,Irs1,-0.64076,-0.34435,0.043295,0.38619
gRNA_3314,Epha7,-0.76876,-0.26158,0.34154,0.79751
gRNA_1151,Atrx,-1.1676,-1.0739,-2.3501,-0.18403
gRNA_10546,Rbm10,-0.79998,-0.1168,-0.024776,0.020037
gRNA_5769,Jak2,-1.1468,-0.80112,-1.9082,0.37433
gRNA_769,Arid1b,-0.72269,-0.034628,-2.1528,0.30157
gRNA_13607,NT,-0.82752,-1.148,-1.1749,-0.32436
gRNA_1121,Atrx,-0.86831,-1.1064,-1.1105,-0.85543
gRNA_8668,Pdgfrb,0.50656,0.35824,-0.55897,0.25141
gRNA_4628,Foxo1,-1.2932,-0.69894,0.96694,-1.0623
gRNA_3025,Eif1ad19,0.50371,0.76136,0.70241,-0.79863
gRNA_85,Akt1,-0.87533,-2.8663,-3.754,0.44305
gRNA_2981,Egfr,0.41552,0.87874,1.99,0.15403
gRNA_8410,Ntrk3,0.55457,1.0373,4.3402,1.0118
gRNA_3692,Ercc2,-0.72954,-0.77449,-2.3419,-0.12689
gRNA_768,Arid1b,-1.0365,-1.2214,2.4557,0.17756
gRNA_10342,Raf1,-0.99087,-0.75559,1.5892,0.42228
gRNA_9513,Prdm1,0.55273,2.2524,0.21522,0.58323
gRNA_4734,Gata2,-0.98597,-0.24589,2.4799,0.37935
gRNA_12844,Tsc2,-0.70517,-2.5254,-1.3608,0.39894
gRNA_3416,Ephb1,-0.8169,-1.0412,-2.3776,-0.23931
gRNA_11608,Smo,-0.7665,1.1629,-7.4316,0.13368
gRNA_10664,Rictor,-0.71177,-0.8914,-0.11266,-0.045165
gRNA_12483,Tnfrsf10b,-0.57688,-1.0995,1.3121,0.43596
gRNA_10117,Ptprt,0.46714,-0.26327,1.3353,0.38854
gRNA_2657,Dis3,-0.70556,-0.92373,-1.4588,0.68923
gRNA_4329,Fgfr3,-0.60752,-0.17619,1.8816,-0.0015463
gRNA_2441,Ctcf,-0.77126,-0.45101,-0.63169,-0.52005
gRNA_12561,Trp53,-0.63752,-1.4344,-0.02402,0.16435
gRNA_7684,Nf1,0.445,0.2614,-2.1549,0.38031
gRNA_3341,Epha7,-0.70355,0.25219,-0.8279,0.058171
gRNA_3698,Ercc2,-0.76182,-1.0301,0.63994,-0.86811
gRNA_13005,Vhl,0.62352,1.034,1.2415,-1.1997
gRNA_4550,Foxa1,-0.67478,0.2748,0.35657,0.14515
gRNA_2234,Crebbp,-0.69774,-1.6159,0.53894,0.24502
gRNA_8198,Notch3,-0.74743,0.39219,-0.63536,-0.7423
gRNA_498,Araf,0.40098,-0.033776,-1.0777,0.14481
gRNA_7214,Mitf,-0.81733,-1.0955,-1.7261,-0.84644
gRNA_84,Akt1,-0.60989,-0.23096,-0.19014,-1.298
gRNA_4421,Flt1,0.51011,1.0226,5.7417,0.45268
gRNA_1314,Bap1,-0.82522,-2.3987,0.10783,-1.1314
gRNA_6479,Kmt2d,-0.56129,0.60574,-1.224,1.0028
gRNA_4827,Gli1,-1.1988,-1.1022,-2.7376,1.9489
gRNA_11069,Setbp1,-0.72442,-1.1524,-3.2348,-0.3006
gRNA_1341,Bap1,-0.7409,-0.73907,-1.1219,-0.47074
gRNA_8028,Notch2,0.36077,0.26872,0.7693,-0.097823
gRNA_1985,Cd79b,-0.42795,-0.082792,-0.27522,0.22971
gRNA_4782,Gata3,0.55587,0.47225,0.24443,-0.16302
gRNA_3975,Ezh2,-0.68677,-0.45579,-1.1324,0.076372
gRNA_1373,Bcl2,-0.56013,0.27384,1.5036,-0.53388
gRNA_1046,Atm,0.41574,-0.47021,0.60199,-0.14751
gRNA_4261,Fgfr2,0.46631,0.45613,1.5091,-0.215
gRNA_11589,Smc3,-0.62959,-0.47184,-0.42175,0.71917
gRNA_5621,Irf8,-0.79331,-1.0077,0.67001,-1.2179
gRNA_7308,Msh3,-0.85945,0.71409,-4.834,-0.1343
gRNA_6717,Kras,-0.91762,-0.40122,1.1236,-0.45221
gRNA_10049,Ptprt,0.41077,1.2692,3.33,0.90323
gRNA_9745,Ptpn11,0.60693,1.103,-1.4489,-0.76562
gRNA_2658,Dis3,-0.90649,-2.2723,-3.0527,0.43034
gRNA_6833,Map2k1,0.4811,-0.037946,1.3829,-0.70238
gRNA_12606,Trp53,-0.79119,-0.81859,-6.4463,-0.81038
gRNA_3221,Epha3,0.4831,1.0126,-0.132,-0.31057
gRNA_10547,Rbm10,-0.72632,0.29313,2.6833,0.099042
gRNA_10618,Rheb,-0.74574,-1.5476,0.9305,-0.0032215
gRNA_9730,Ptpn11,-0.81419,-1.5101,-0.17656,0.063692
gRNA_2527,Cul3,0.59291,0.79252,1.2201,-0.10269
gRNA_120,Akt3,-0.77006,-3.103,-3.0944,0.13472
gRNA_3572,Erbb3,-0.61107,0.63631,0.716,-0.18839
gRNA_9055,Pik3r1,-0.71873,-1.0078,-6.6502,-0.83024
gRNA_4735,Gata2,-0.62251,0.046437,5.3856,0.83492
gRNA_3964,Ezh2,-0.57106,-0.083378,1.8643,-0.66033
gRNA_1996,Cdc73,0.58099,0.36991,-2.5223,-0.8052
gRNA_8893,Pik3cb,-0.52355,0.49408,-1.3411,0.56892
gRNA_8650,Pdgfrb,-0.43264,-0.43173,-0.16262,-0.27661
gRNA_2526,Cul3,-0.65817,-1.0685,-0.94143,-1.0113
gRNA_2949,Eed,-0.59672,0.15751,-1.8433,-0.48303
gRNA_8367,Ntrk3,-0.62801,0.61761,-0.48817,-0.045331
gRNA_2293,Crebbp,0.39859,-0.25337,1.1267,-0.69169
gRNA_7430,Mtor,0.52693,1.329,3.1953,1.0398
gRNA_8935,Pik3cd,-0.55973,-2.405,-4.2518,-0.42709
gRNA_2472,Ctnnb1,-0.80098,0.33629,-0.20609,0.3086
gRNA_1977,Cd79a,-0.7718,-1.7656,-0.37211,0.099043
gRNA_1338,Bap1,0.44221,0.76018,0.0092317,0.60738
gRNA_9000,Pik3cg,-0.55326,0.54857,-1.0125,0.50017
gRNA_7309,Msh3,0.44463,-1.7967,1.588,-1.0396
gRNA_2739,Dnmt3a,-0.39952,-0.01327,-0.68807,0.21761
gRNA_11319,Smad4,0.42851,-0.46425,-2.567,0.38819
gRNA_6629,Kmt2d,0.53737,1.2014,-3.7151,0.59129
gRNA_1284,B2m,-0.53335,-1.7481,-1.8762,-0.30851
gRNA_11208,Smad2,0.37827,0.65923,3.4844,-0.46688
gRNA_1009,Atm,-0.49569,0.55554,-0.32916,0.37498
gRNA_11323,Smad4,-0.42095,-0.64237,-4.2633,0.32007
gRNA_12625,Trp53,-0.35602,-0.27224,-1.0756,0.6289
gRNA_12025,Stat3,-0.4697,-0.94801,1.816,-0.032924
gRNA_7148,Met,-0.4365,-0.69635,-0.21448,0.17073
gRNA_6829,Map2k1,0.40536,0.36505,-0.17025,-0.4487
gRNA_1281,B2m,0.38229,0.78457,-2.7214,-0.58418
gRNA_8861,Pik3ca,0.49109,0.65041,-1.8092,-0.69323
gRNA_1384,Bcl2,-0.73784,-2.4356,-5.5553,0.37982
gRNA_2891,Drosha,-0.54834,-0.80179,-2.2589,0.46007
gRNA_10436,Rb1,-0.66612,-0.79743,1.523,-0.28147
gRNA_4461,Flt3,-0.45148,0.3344,2.9135,0.46988
gRNA_11581,Smc1a,0.41822,0.093139,-1.9098,-0.94687
gRNA_12597,Trp53,-0.62812,-0.88142,0.80892,-0.3593
gRNA_12547,Trp53,-0.5111,-0.88034,-0.87293,0.023119
gRNA_10274,Rad21,-0.41023,0.85436,0.55424,-0.16066
gRNA_12080,Stk11,-0.73472,0.089246,3.5871,-1.0919
gRNA_2416,Ctcf,-0.35648,0.30585,2.0892,-0.10797
gRNA_3711,Ercc2,-0.43474,0.036323,-2.2835,-0.54126
gRNA_2694,Dnmt3a,0.34589,0.97171,1.1176,-0.14638
gRNA_9084,Pik3r2,0.36171,0.63548,2.4162,0.53335
gRNA_12510,Trp53,0.42175,-0.17279,1.2334,0.0046939
gRNA_5864,Kdm5c,0.33529,0.66361,0.2022,-0.50617
gRNA_5456,Inpp4a,-0.39558,-0.45269,-1.6211,-0.48833
gRNA_12521,Trp53,-0.46551,0.97842,2.0188,-0.21243
gRNA_8857,Pik3ca,-0.67251,-1.6607,-5.7474,-0.60816
gRNA_8775,Pik3ca,0.38973,1.747,0.19719,0.041353
gRNA_1282,B2m,0.29756,0.18351,-2.1493,0.0081369
gRNA_1339,Bap1,0.3667,1.91,3.9481,0.45914
gRNA_7150,Met,0.32667,-0.53422,0.68157,-0.21099
gRNA_7664,Nf1,-0.40464,-0.47089,0.17896,0.35296
gRNA_5615,Irf4,-0.52507,1.3285,-0.76079,0.57307
gRNA_12635,Trp53,0.32623,0.45269,-1.2081,0.098193
gRNA_4828,Gli1,-0.53637,-0.14448,-1.3494,0.40814
gRNA_4589,Foxa1,-0.36899,-0.74023,-1.004,-0.070742
gRNA_7482,Myc,0.37102,0.24599,-2.5162,0.33147
gRNA_7152,Met,0.45429,1.3388,3.7686,-0.41907
gRNA_9085,Pik3r2,-0.50962,0.74496,-0.50289,-0.55183
gRNA_6472,Kmt2d,-0.47261,2.7241,-3.8615,-1.3273
gRNA_6000,Kdr,-0.42823,-0.037542,0.4002,0.13413
gRNA_11143,Sf3b1,0.3573,0.32131,-0.015666,-0.72054
gRNA_5374,Inha,-0.59624,-0.32982,-4.4199,-1.0751
gRNA_1551,Braf,0.35819,0.80163,-0.20622,-0.42435
gRNA_11993,Stat3,0.46849,-0.66735,-1.4877,-0.13043
gRNA_13263,ST,0.36949,-1.0225,-0.72071,-0.12588
gRNA_11671,Socs1,-0.44296,-1.7328,1.5807,-0.70707
gRNA_12607,Trp53,-0.5481,-0.18565,0.78563,0.48554
gRNA_12590,Trp53,-0.42675,-1.6419,-2.1125,0.13129
gRNA_2415,Ctcf,-0.4529,0.095788,-1.5765,-0.42324
gRNA_5624,Irs1,-0.31093,-0.43175,-2.1175,0.21041
gRNA_7203,Mga,-0.42014,0.80394,1.0735,-0.24767
gRNA_10680,Rit1,-0.39777,-0.028578,-0.10165,-0.13668
gRNA_4885,Gnas,0.33639,0.32584,-1.89,-0.2179
gRNA_3085,Ep300,-0.51173,-3.4714,-4.5755,-0.98567
gRNA_6063,Keap1,-0.34708,-0.66513,-0.15825,0.70329
gRNA_4858,Gna13,-0.36993,0.68842,-1.8675,0.78485
gRNA_11326,Smad4,-0.42601,-0.11791,-3.9866,0.15731
gRNA_13608,NT,-0.67196,-0.44231,-4.8776,-2.4973
gRNA_3693,Ercc2,-0.28032,-0.66682,-1.7853,0.12722
gRNA_3517,Erbb3,0.31508,1.0133,1.4432,0.22362
gRNA_12930,U2af1,0.3376,-0.46562,0.51402,0.23344
gRNA_3516,Erbb3,-0.337,0.084447,-1.9943,-0.37481
gRNA_7918,Notch1,-0.40353,0.95131,-3.0544,0.0036295
gRNA_3580,Erbb3,0.2792,0.11548,0.92184,0.30374
gRNA_12536,Trp53,-0.43056,-1.018,1.6176,0.67672
gRNA_8699,Phf6,-0.54459,-0.14519,-0.9898,-0.010898
gRNA_10447,Rb1,-0.42927,-0.59215,-1.2953,-0.078172
gRNA_8825,Pik3ca,-0.26381,-0.31936,-0.83956,-0.43845
gRNA_12589,Trp53,0.33061,-0.19732,2.3856,0.94213
gRNA_9116,Pik3r3,-0.53373,-0.39561,-5.7819,1.7976
gRNA_12549,Trp53,-0.36895,-0.61594,1.8811,0.39461
gRNA_3056,Ep300,-0.35222,-0.91101,0.72278,-0.048202
gRNA_10622,Rhoa,0.41504,0.65163,-5.2275,-0.093166
gRNA_292,Apc,-0.4407,0.64097,1.7768,-0.081734
gRNA_2683,Dnmt3a,-0.41536,0.37075,-7.0323,-0.46716
gRNA_2684,Dnmt3a,0.38097,2.1066,0.8626,-0.46516
gRNA_299,Apc,-0.46741,0.12501,1.2398,-0.14311
gRNA_13006,Vhl,-0.47983,-1.3903,-0.55623,0.21673
gRNA_2703,Dnmt3a,-0.40582,-0.050146,-1.0314,-0.38667
gRNA_3518,Erbb3,-0.33071,-0.31693,-1.866,-0.16629
gRNA_3569,Erbb3,0.25439,-0.11678,-3.79,0.16933
gRNA_11968,Stag2,0.29814,-0.15586,0.14109,0.1807
gRNA_7513,Myd88,-0.30923,0.44686,2.0609,0.49855
gRNA_2802,Dnmt3a,0.2497,0.17888,1.0623,-0.039218
gRNA_13264,ST,-0.32625,-1.7176,-0.18755,-0.31342
gRNA_5625,Irs1,0.3383,-0.46172,0.86355,0.96984
gRNA_11797,Sox9,-0.25274,-0.90432,1.5634,0.62618
gRNA_12655,Trp53bp1,-0.48689,1.1296,-1.2113,-0.23789
gRNA_12272,Tcf3,-0.3541,1.1074,1.9985,0.83088
gRNA_2776,Dnmt3a,-0.29741,-0.479,-1.0902,-0.097639
gRNA_2693,Dnmt3a,-0.26209,-0.11088,-0.12265,0.15856
gRNA_1407,Bcl2,-0.33639,-0.16486,2.3615,0.98671
gRNA_4012,Fat1,-0.35824,-0.46678,0.5109,-0.40605
gRNA_13600,NT,0.25839,0.34842,-1.7248,0.015407
gRNA_8826,Pik3ca,-0.25652,0.09434,1.0202,0.079071
gRNA_3106,Ep300,-0.38781,0.26857,1.8209,0.20604
gRNA_8366,Ntrk3,0.3039,-0.48559,-0.3183,1.0069
gRNA_2457,Ctnnb1,0.26953,0.14729,-0.84863,0.94748
gRNA_4331,Fgfr3,-0.34754,0.057709,3.6323,0.69614
gRNA_4548,Foxa1,0.2258,1.0031,2.0725,0.46537
gRNA_10466,Rb1,-0.35213,2.0223,4.3826,-0.20511
gRNA_6111,Kit,-0.36722,-0.87457,-0.090404,-0.56113
gRNA_10656,Rictor,0.27461,0.88139,0.86905,0.3606
gRNA_7393,Mtor,-0.36569,-1.6022,-2.2942,-1.6109
gRNA_3011,Egfr,-0.32663,-0.57871,-0.36556,-0.13392
gRNA_13601,NT,0.2329,1.953,0.96662,-0.0038084
gRNA_11324,Smad4,-0.41795,0.13536,-0.20642,0.62271
gRNA_9105,Pik3r2,0.26284,-0.2306,2.7905,0.70099
gRNA_13605,NT,-0.277,-0.60615,-2.0238,-0.54843
gRNA_1492,Bcor,-0.25293,0.43404,-0.2038,0.13648
gRNA_3907,Etv6,0.3084,0.43921,-0.7673,-0.26381
gRNA_1962,Ccnd3,-0.24983,-0.73024,-2.6923,0.29676
gRNA_4567,Foxa1,-0.33593,0.00015684,-0.20244,-1.6234
gRNA_11142,Sf3b1,0.17705,-0.10634,0.50532,-0.21824
gRNA_8225,Nras,-0.28009,0.83971,0.97094,0.97861
gRNA_528,Arid1a,-0.20753,0.10572,0.27261,0.21384
gRNA_2620,Dicer1,-0.21861,-0.38582,1.4837,-0.01388
gRNA_6849,Map2k2,0.19491,-0.48786,3.5531,0.40762
gRNA_2724,Dnmt3a,0.19037,-0.43112,1.9653,0.72437
gRNA_10633,Rhoa,0.24025,0.67398,-0.16148,0.02431
gRNA_6841,Map2k1,-0.36215,-1.3336,-2.3144,-1.3535
gRNA_11609,Smo,-0.22165,0.45398,0.082188,0.32999
gRNA_2723,Dnmt3a,-0.25613,-0.90188,-1.2947,-0.56339
gRNA_1871,Cbfb,-0.21808,-0.59436,2.3144,-0.20582
gRNA_3579,Erbb3,-0.24933,-0.18485,-1.4613,-1.207
gRNA_2679,Dnmt3a,-0.30296,0.3261,-0.63333,0.48751
gRNA_12001,Stat3,-0.21842,-1.0195,-2.607,-0.64365
gRNA_3143,Epha3,-0.2424,1.8359,2.6781,0.35683
gRNA_12598,Trp53,0.23178,0.35119,1.7837,-1.1136
gRNA_6487,Kmt2d,-0.36005,0.078281,-1.8638,-0.41587
gRNA_13267,ST,0.29445,-1.3803,1.3401,-0.84565
gRNA_8852,Pik3ca,-0.21986,0.85332,-0.37956,0.34629
gRNA_671,Arid1a,-0.29803,1.7117,-3.1693,-0.54624
gRNA_11533,Smarca4,-0.21045,-0.62259,-1.3851,-0.16651
gRNA_11454,Smarca4,-0.23333,0.36636,3.9723,-0.42622
gRNA_5740,Jak1,-0.20575,0.15824,0.22616,-0.26121
gRNA_12999,Vhl,0.25508,-0.98396,-2.1652,-0.62751
gRNA_9705,Ptpn11,-0.23597,0.72474,2.9792,-0.27461
gRNA_8895,Pik3cb,-0.20471,0.34492,-0.6257,0.1113
gRNA_12587,Trp53,0.21859,2.7664,4.3014,1.481
gRNA_7467,Mtor,0.22829,0.54309,-0.67395,-0.39191
gRNA_4577,Foxa1,0.26436,0.68613,3.2793,0.33345
gRNA_4586,Foxa1,0.14055,0.6968,-1.1881,0.10298
gRNA_8226,Nsd1,-0.19836,0.68246,-1.848,-0.01882
gRNA_8783,Pik3ca,0.17657,1.4641,0.59957,-0.09411
gRNA_3906,Etv6,0.24866,-0.97259,-1.5032,-4.3644
gRNA_2917,Dtx1,0.1872,0.52426,-0.053493,-0.093968
gRNA_5618,Irf8,0.20452,1.5482,0.15929,-0.55185
gRNA_12609,Trp53,-0.2646,-0.94763,2.1835,-0.3911
gRNA_4562,Foxa1,-0.21403,0.74756,-0.27055,0.95415
gRNA_13278,ST,-0.27927,0.32968,-2.5742,-0.72549
gRNA_11112,Setd2,-0.20142,0.75215,-0.14175,0.47744
gRNA_12024,Stat3,0.17897,0.39767,-1.8727,0.97272
gRNA_2458,Ctnnb1,0.21594,-0.29074,-2.5773,-0.31215
gRNA_12197,Tbl1xr1,-0.229,0.73484,0.63175,0.56003
gRNA_12610,Trp53,-0.17312,-0.77498,-2.9071,0.20064
gRNA_6832,Map2k1,0.18536,-0.44142,1.8855,-0.34543
gRNA_12599,Trp53,-0.18171,-2.0648,-0.89417,0.45155
gRNA_2775,Dnmt3a,0.12565,0.25907,0.15597,-0.71665
gRNA_1978,Cd79a,-0.21189,-0.083205,-0.37603,0.4109
gRNA_2947,Eed,-0.18553,0.30244,-3.892,-0.033421
gRNA_12508,Trp53,0.17163,0.19793,3.0628,-0.32593
gRNA_7144,Met,0.20313,0.69769,0.45226,-0.4137
gRNA_3031,Eif1ad19,-0.22312,2.5243,-2.2845,-1.2418
gRNA_9037,Pik3r1,-0.21353,1.079,2.1075,1.0066
gRNA_7478,Mtor,-0.17342,-0.37348,1.4297,0.73411
gRNA_12891,Tsc2,0.16534,-0.50121,-3.911,0.15107
gRNA_6104,Kit,-0.2266,-0.55323,-0.096444,0.09455
gRNA_8833,Pik3ca,-0.14437,-0.30391,1.6213,0.70678
gRNA_3340,Epha7,0.113,0.50176,1.2829,-0.12374
gRNA_12403,Tgfbr1,-0.12012,0.02482,0.68169,0.27672
gRNA_12063,Stat6,0.167,-0.34458,-4.8829,-0.10181
gRNA_12370,Tet2,0.12795,-0.63521,1.7671,-0.77116
gRNA_1014,Atm,0.10577,0.028329,2.6975,-0.31674
gRNA_2387,Csf3r,-0.15229,-0.42885,2.5465,-0.52187
gRNA_7843,Nkx2-1,0.12911,-0.8644,-3.6237,-1.2643
gRNA_1149,Atrx,-0.14553,-0.49495,1.3214,0.19251
gRNA_11450,Smarca4,-0.17409,-0.042686,1.4814,-0.94585
gRNA_7171,Mga,-0.11676,0.43037,1.1057,-0.11853
gRNA_1048,Atm,-0.13312,-0.10488,-1.7418,-0.41557
gRNA_12270,Tcf3,-0.12595,0.067794,-0.9928,-0.27736
gRNA_4357,Fgfr4,0.12766,0.81666,-3.9553,-0.64873
gRNA_1995,Cdc73,-0.10693,-0.30515,0.86638,0.28804
gRNA_7509,Myd88,0.098668,0.37758,0.77021,-0.46715
gRNA_5455,Inpp4a,-0.10068,0.80446,-0.29432,-0.058115
gRNA_13009,Vhl,0.082354,-1.1326,-0.049929,0.6827
gRNA_11590,Smg1,-0.13761,-0.53504,1.2937,0.53053
gRNA_2697,Dnmt3a,0.10044,0.61901,-1.3993,-0.25402
gRNA_1379,Bcl2,0.1079,0.23963,2.6841,0.5114
gRNA_11992,Stat3,0.10776,0.40458,-0.58049,0.075753
gRNA_284,Ankrd11,0.10015,0.7168,-0.054088,-0.048951
gRNA_12922,U2af1,0.086601,-0.63581,-2.8282,-0.24085
gRNA_1376,Bcl2,0.12033,-0.13716,-3.4227,-0.39379
gRNA_7823,Nfe2l2,0.10431,0.24393,-0.43188,-1.1757
gRNA_3502,Erbb2,-0.08637,0.33059,2.2651,-0.094172
gRNA_10306,Rad51c,-0.10146,0.12355,3.3468,-0.68866
gRNA_4460,Flt3,0.14048,1.0907,2.372,-0.26331
gRNA_10150,Ptprt,-0.087518,0.48003,0.0413,-0.63553
gRNA_2698,Dnmt3a,-0.082057,0.83175,0.53384,0.39
gRNA_5772,Jak2,0.087951,0.50559,-2.3197,0.38137
gRNA_11322,Smad4,-0.12983,0.45249,-3.2543,-0.14837
gRNA_3250,Epha5,0.08879,-0.12483,2.8069,0.8461
gRNA_2971,Egfr,0.070108,0.61154,0.5018,-0.099551
gRNA_8227,Nsd1,0.096497,0.81815,-0.13318,-0.67937
gRNA_11325,Smad4,-0.094911,0.73827,-0.24935,-0.48462
gRNA_10571,Recql,-0.078797,0.31615,-1.1902,-0.19083
gRNA_10596,Ret,-0.079866,-0.24234,-2.1334,-0.78097
gRNA_12538,Trp53,-0.096512,-1.7064,-2.0336,0.59894
gRNA_11298,Smad4,0.072595,1.5519,3.6085,0.56187
gRNA_6110,Kit,0.073802,-2.2635,-0.60422,0.35409
gRNA_2292,Crebbp,-0.069075,0.20458,-2.0182,0.095597
gRNA_2316,Crebbp,-0.075651,-1.7189,-1.4681,-0.99957
gRNA_4783,Gata3,0.062722,-0.7712,-0.90851,-0.3009
gRNA_11070,Setbp1,-0.097148,-3.0192,-1.5981,-0.13075
gRNA_8228,Nsd1,-0.05785,-0.99405,-0.4784,-0.010671
gRNA_2326,Crebbp,0.084918,2.0735,1.0947,-1.0466
gRNA_10909,Rtel1,-0.063202,-1.3314,-2.3474,0.6326
gRNA_11122,Setd6,-0.045472,0.70981,1.5872,0.26757
gRNA_12062,Stat6,-0.080358,-0.85259,-3.987,0.46695
gRNA_9410,Pot1b,-0.046296,1.3389,2.2678,-0.23762
gRNA_13606,NT,-0.037561,0.25175,-0.85628,0.42382
gRNA_2386,Csf3r,0.047074,-0.26967,-0.55205,-0.23692
gRNA_3544,Erbb3,-0.038534,-1.5674,0.70596,0.046743
gRNA_6257,Kmt2b,-0.048624,1.42,1.2025,-1.0248
gRNA_4665,Foxp1,0.055449,-1.1626,1.0726,-1.3256
gRNA_12537,Trp53,-0.040666,0.31338,1.5918,0.79361
gRNA_5623,Irs1,0.03086,-0.36325,-1.8557,0.13559
gRNA_3021,Egfr,0.034025,1.002,1.3658,0.84387
gRNA_7829,Nfe2l2,-0.032334,0.66487,0.73139,-1.3417
gRNA_10363,Rara,0.03496,-1.9049,0.42382,-0.089519
gRNA_6526,Kmt2d,0.02396,-0.91308,-2.0067,0.039414
gRNA_8217,Nras,0.021507,-0.373,-1.2095,-0.10285
gRNA_6913,Map3k1,0.023731,-0.094875,-4.0468,-0.15582
gRNA_6086,Keap1,-0.027147,-0.47047,-0.78571,0.54339
gRNA_1559,Braf,-0.025425,0.12076,-2.0845,-0.19664
gRNA_3677,Ercc2,0.02587,1.3547,1.4084,-0.30869
gRNA_11144,Sf3b1,-0.020543,1.2509,2.268,-0.304
gRNA_2298,Crebbp,0.020439,1.0438,2.1722,0.57673
gRNA_1857,Casp8,-0.020146,0.86314,1.3822,-0.31334
gRNA_2963,Egfr,-0.015779,-0.040417,2.6476,0.094246
gRNA_3503,Erbb2,-0.012074,0.65584,4.5502,-0.044633
gRNA_2950,Eed,0.010931,0.62497,2.2277,0.57609
gRNA_5792,Jak3,-0.0069879,-0.11924,-0.48188,0.19627
gRNA_5176,Hras,0.0064229,0.86448,-1.659,-0.16119
gRNA_8784,Pik3ca,0.0046009,0.89348,1.6106,0.28269
gRNA_10679,Rit1,0.0044207,0.18342,-0.87759,0.36952
gRNA_4246,Fgfr2,0.0025621,0.21304,-1.8787,-1.2857
gRNA_1981,Cd79b,0.00072207,0.48385,1.0415,0.29638
gRNA_11582,Smc1a,0.00066793,-0.068453,0.59231,-0.68116
