Amplicon,Unmodified%,Modified%,Reads_in_input,Reads_aligned_all_amplicons,Reads_aligned,Unmodified,Modified,Discarded,Insertions,Deletions,Substitutions,Only Insertions,Only Deletions,Only Substitutions,Insertions and Deletions,Insertions and Substitutions,Deletions and Substitutions,Insertions Deletions and Substitutions,Guide_ID
Reference,,,5,5,0,0,0,0,0,0,0,0,0,0,0,0,0,0,gRNA_13832
HDR,0.0,100.0,5,5,5,0,5,0,0,0,5,0,0,5,0,0,0,0,gRNA_13832
Reference,0.0,100.0,372,372,146,0,146,0,27,1,145,0,0,119,1,26,0,0,gRNA_13833
HDR,7.52212389,92.47787611,372,372,226,17,209,0,0,0,209,0,0,209,0,0,0,0,gRNA_13833
Reference,0.0,100.0,537,486,43,0,43,0,22,10,22,12,1,19,8,2,1,0,gRNA_13834
HDR,2.71493213,97.28506787,537,486,442,12,430,0,0,2,429,0,1,428,0,0,1,0,gRNA_13834
Reference,0.0,100.0,359,359,314,0,314,0,0,0,314,0,0,314,0,0,0,0,gRNA_13835
HDR,0.0,100.0,359,359,45,0,45,0,0,0,45,0,0,45,0,0,0,0,gRNA_13835
Reference,0.0,100.0,2737,2737,1826,0,1826,0,0,4,1826,0,0,1822,0,0,4,0,gRNA_13836
HDR,0.0,100.0,2737,2737,906,0,906,0,0,6,906,0,0,900,0,0,6,0,gRNA_13836
Reference,0.0,100.0,1256,1256,75,0,75,0,1,19,60,0,15,55,0,1,4,0,gRNA_13837
HDR,0.0,100.0,1256,1256,1173,0,1173,0,28,6,1169,4,0,1139,0,24,6,0,gRNA_13837
Reference,0.0,100.0,266,266,259,0,259,0,0,0,259,0,0,259,0,0,0,0,gRNA_13838
HDR,40.0,60.0,266,266,5,2,3,0,1,0,3,0,0,2,0,1,0,0,gRNA_13838
Reference,1.33928571,98.66071429,1999,1999,1344,18,1326,0,12,8,1319,7,0,1308,0,3,6,2,gRNA_13839
HDR,1.8404908,98.1595092,1999,1999,652,12,640,0,0,1,640,0,0,639,0,0,1,0,gRNA_13839
Reference,0.09784736,99.90215264,1350,1349,1022,1,1021,0,48,52,1003,2,0,967,16,0,6,30,gRNA_13840
HDR,0.0,100.0,1350,1349,237,0,237,0,0,0,237,0,0,237,0,0,0,0,gRNA_13840
Reference,0.0,100.0,1084,1071,47,0,47,0,0,2,47,0,0,45,0,0,2,0,gRNA_13841
HDR,0.0,100.0,1084,1071,1024,0,1024,0,0,4,1024,0,0,1020,0,0,4,0,gRNA_13841
Reference,3.38983051,96.61016949,181,181,59,2,57,0,0,0,57,0,0,57,0,0,0,0,gRNA_13842
HDR,19.65811966,80.34188034,181,181,117,23,94,0,0,0,94,0,0,94,0,0,0,0,gRNA_13842
Reference,3.57142857,96.42857143,1291,1095,28,1,27,0,0,0,27,0,0,27,0,0,0,0,gRNA_13843
HDR,56.98219306,43.01780694,1291,1095,1067,608,459,0,0,6,455,0,4,453,0,0,2,0,gRNA_13843
Reference,3.1372549,96.8627451,255,255,255,8,247,0,0,1,247,0,0,246,0,0,1,0,gRNA_13844
HDR,,,255,255,0,0,0,0,0,0,0,0,0,0,0,0,0,0,gRNA_13844
Reference,18.29268293,81.70731707,200,189,82,15,67,0,0,2,65,0,2,65,0,0,0,0,gRNA_13845
HDR,57.94392523,42.05607477,200,189,107,62,45,0,2,1,42,2,1,42,0,0,0,0,gRNA_13845
Reference,20.94017094,79.05982906,377,377,234,49,185,0,8,9,176,0,1,176,8,0,0,0,gRNA_13846
HDR,59.44055944,40.55944056,377,377,143,85,58,0,0,0,58,0,0,58,0,0,0,0,gRNA_13846
Reference,13.77483444,86.22516556,964,956,755,104,651,0,0,2,649,0,2,649,0,0,0,0,gRNA_13847
HDR,28.64321608,71.35678392,964,956,199,57,142,0,0,1,141,0,1,141,0,0,0,0,gRNA_13847
Reference,12.03007519,87.96992481,322,268,266,32,234,0,8,18,217,6,11,208,0,2,7,0,gRNA_13848
HDR,0.0,100.0,322,268,2,0,2,0,0,0,2,0,0,2,0,0,0,0,gRNA_13848
Reference,0.69204152,99.30795848,322,322,289,2,287,0,4,2,285,0,2,281,0,4,0,0,gRNA_13849
HDR,63.63636364,36.36363636,322,322,33,21,12,0,0,0,12,0,0,12,0,0,0,0,gRNA_13849
Reference,1.24223602,98.75776398,833,833,322,4,318,0,0,1,318,0,0,317,0,0,1,0,gRNA_13850
HDR,2.54403131,97.45596869,833,833,511,13,498,0,0,1,498,0,0,497,0,0,1,0,gRNA_13850
Reference,12.32492997,87.67507003,1981,1967,714,88,626,0,148,25,570,56,0,453,0,92,25,0,gRNA_13851
HDR,43.00947867,56.99052133,1981,1967,844,363,481,0,10,23,473,1,0,455,7,2,16,0,gRNA_13851
Reference,4.12371134,95.87628866,388,388,388,16,372,0,0,0,372,0,0,372,0,0,0,0,gRNA_13852
HDR,,,388,388,0,0,0,0,0,0,0,0,0,0,0,0,0,0,gRNA_13852
Reference,0.0,100.0,896,855,680,0,680,0,0,6,677,0,3,674,0,0,3,0,gRNA_13853
HDR,0.0,100.0,896,855,151,0,151,0,0,1,151,0,0,150,0,0,1,0,gRNA_13853
Reference,4.3699187,95.6300813,989,989,984,43,941,0,0,5,939,0,2,936,0,0,3,0,gRNA_13854
HDR,0.0,100.0,989,989,1,0,1,0,0,0,1,0,0,1,0,0,0,0,gRNA_13854
Reference,0.0,100.0,19,19,5,0,5,0,0,0,5,0,0,5,0,0,0,0,gRNA_13855
HDR,50.0,50.0,19,19,14,7,7,0,0,0,7,0,0,7,0,0,0,0,gRNA_13855
Reference,0.0,100.0,1306,1145,18,0,18,0,0,1,18,0,0,17,0,0,1,0,gRNA_13856
HDR,26.35796972,73.64203028,1306,1145,1123,296,827,0,1,26,803,0,24,800,0,1,2,0,gRNA_13856
Reference,2.25685116,97.74314884,1865,1865,1861,42,1819,0,0,5,1815,0,4,1814,0,0,1,0,gRNA_13857
HDR,0.0,100.0,1865,1865,1,0,1,0,0,0,1,0,0,1,0,0,0,0,gRNA_13857
Reference,57.0846395,42.9153605,3336,3336,3190,1821,1369,0,0,14,1359,0,10,1355,0,0,4,0,gRNA_13858
HDR,73.42657343,26.57342657,3336,3336,143,105,38,0,0,0,38,0,0,38,0,0,0,0,gRNA_13858
Reference,67.76315789,32.23684211,461,461,456,309,147,0,0,2,145,0,2,145,0,0,0,0,gRNA_13859
HDR,40.0,60.0,461,461,5,2,3,0,0,0,3,0,0,3,0,0,0,0,gRNA_13859
Reference,10.43046358,89.56953642,2794,2794,604,63,541,0,28,0,531,10,0,513,0,18,0,0,gRNA_13860
HDR,55.85156993,44.14843007,2794,2794,2102,1174,928,0,0,6,923,0,5,922,0,0,1,0,gRNA_13860
Reference,69.3129771,30.6870229,878,878,655,454,201,0,1,1,200,0,1,199,0,1,0,0,gRNA_13861
HDR,83.33333333,16.66666667,878,878,210,175,35,0,0,5,31,0,4,30,0,0,1,0,gRNA_13861
Reference,0.0,100.0,132,103,72,0,72,0,39,1,71,1,0,33,0,37,0,1,gRNA_13862
HDR,0.0,100.0,132,103,30,0,30,0,0,0,30,0,0,30,0,0,0,0,gRNA_13862
Reference,0.0,0.0,0,0,0,0,0,0,0,0,0,0,0,0,0,0,0,0,gRNA_13863
HDR,0.0,0.0,0,0,0,0,0,0,0,0,0,0,0,0,0,0,0,0,gRNA_13863
Reference,,,280,245,0,0,0,0,0,0,0,0,0,0,0,0,0,0,gRNA_13864
HDR,12.65306122,87.34693878,280,245,245,31,214,0,0,0,214,0,0,214,0,0,0,0,gRNA_13864
Reference,0.0,100.0,66,66,31,0,31,0,1,3,31,0,0,28,0,0,2,1,gRNA_13865
HDR,2.85714286,97.14285714,66,66,35,1,34,0,0,0,34,0,0,34,0,0,0,0,gRNA_13865
Reference,0.0,100.0,653,605,421,0,421,0,1,17,408,0,13,403,0,1,4,0,gRNA_13866
HDR,12.35294118,87.64705882,653,605,170,21,149,0,0,2,148,0,1,147,0,0,1,0,gRNA_13866
Reference,8.69565217,91.30434783,1049,1024,69,6,63,0,1,0,63,0,0,62,0,1,0,0,gRNA_13867
HDR,12.60504202,87.39495798,1049,1024,952,120,832,0,4,10,826,0,2,822,4,0,4,0,gRNA_13867
Reference,43.37349398,56.62650602,171,169,166,72,94,0,0,0,94,0,0,94,0,0,0,0,gRNA_13868
HDR,66.66666667,33.33333333,171,169,3,2,1,0,0,0,1,0,0,1,0,0,0,0,gRNA_13868
Reference,1.19047619,98.80952381,1332,1281,84,1,83,0,0,1,82,0,1,82,0,0,0,0,gRNA_13869
HDR,0.0,100.0,1332,1281,1187,0,1187,0,0,4,1187,0,0,1183,0,0,4,0,gRNA_13869
Reference,0.80753701,99.19246299,768,768,743,6,737,0,0,5,733,0,4,732,0,0,1,0,gRNA_13870
HDR,0.0,100.0,768,768,22,0,22,0,0,0,22,0,0,22,0,0,0,0,gRNA_13870
Reference,0.0,100.0,172,172,7,0,7,0,0,0,7,0,0,7,0,0,0,0,gRNA_13871
HDR,0.0,100.0,172,172,159,0,159,0,0,2,159,0,0,157,0,0,2,0,gRNA_13871
Reference,1.29399586,98.70600414,3013,3010,1932,25,1907,0,4,8,1904,3,0,1895,0,1,8,0,gRNA_13872
HDR,0.0,100.0,3013,3010,1071,0,1071,0,0,6,1071,0,0,1065,0,0,6,0,gRNA_13872
Reference,47.26688103,52.73311897,608,608,311,147,164,0,0,2,162,0,2,162,0,0,0,0,gRNA_13873
HDR,46.23287671,53.76712329,608,608,292,135,157,0,0,0,157,0,0,157,0,0,0,0,gRNA_13873
Reference,82.58465791,17.41534209,1455,1455,1447,1195,252,0,0,3,249,0,3,249,0,0,0,0,gRNA_13874
HDR,50.0,50.0,1455,1455,2,1,1,0,0,0,1,0,0,1,0,0,0,0,gRNA_13874
Reference,1.58730159,98.41269841,905,902,63,1,62,0,0,0,62,0,0,62,0,0,0,0,gRNA_13875
HDR,19.68973747,80.31026253,905,902,838,165,673,0,0,6,671,0,2,667,0,0,4,0,gRNA_13875
Reference,49.80620155,50.19379845,594,594,516,257,259,0,1,4,257,0,2,255,0,0,1,1,gRNA_13876
HDR,48.71794872,51.28205128,594,594,39,19,20,0,0,0,20,0,0,20,0,0,0,0,gRNA_13876
Reference,30.08130081,69.91869919,210,210,123,37,86,0,43,0,86,0,0,43,0,43,0,0,gRNA_13877
HDR,87.20930233,12.79069767,210,210,86,75,11,0,0,0,11,0,0,11,0,0,0,0,gRNA_13877
Reference,9.375,90.625,42,42,32,3,29,0,0,2,29,0,0,27,0,0,2,0,gRNA_13878
HDR,30.0,70.0,42,42,10,3,7,0,0,0,7,0,0,7,0,0,0,0,gRNA_13878
Reference,21.7884131,78.2115869,1176,1176,794,173,621,0,16,30,618,1,2,590,0,0,13,15,gRNA_13879
HDR,1.13636364,98.86363636,1176,1176,264,3,261,0,0,0,261,0,0,261,0,0,0,0,gRNA_13879
Reference,14.95495495,85.04504505,559,559,555,83,472,0,0,4,471,0,1,468,0,0,3,0,gRNA_13880
HDR,25.0,75.0,559,559,4,1,3,0,0,0,3,0,0,3,0,0,0,0,gRNA_13880
Reference,33.33333333,66.66666667,166,166,3,1,2,0,0,0,2,0,0,2,0,0,0,0,gRNA_13881
HDR,61.11111111,38.88888889,166,166,144,88,56,0,3,0,56,0,0,53,0,3,0,0,gRNA_13881
Reference,7.4204947,92.5795053,294,294,283,21,262,0,0,0,262,0,0,262,0,0,0,0,gRNA_13882
HDR,50.0,50.0,294,294,10,5,5,0,0,0,5,0,0,5,0,0,0,0,gRNA_13882
Reference,66.66666667,33.33333333,10,10,9,6,3,0,0,1,2,0,1,2,0,0,0,0,gRNA_13883
HDR,0.0,100.0,10,10,1,0,1,0,0,0,1,0,0,1,0,0,0,0,gRNA_13883
Reference,69.07216495,30.92783505,97,97,97,67,30,0,0,0,30,0,0,30,0,0,0,0,gRNA_13884
HDR,,,97,97,0,0,0,0,0,0,0,0,0,0,0,0,0,0,gRNA_13884
Reference,35.71428571,64.28571429,433,433,28,10,18,0,0,0,18,0,0,18,0,0,0,0,gRNA_13885
HDR,55.80246914,44.19753086,433,433,405,226,179,0,0,0,179,0,0,179,0,0,0,0,gRNA_13885
Reference,8.37004405,91.62995595,871,817,227,19,208,0,0,1,208,0,0,207,0,0,1,0,gRNA_13886
HDR,0.16977929,99.83022071,871,817,589,1,588,0,0,3,588,0,0,585,0,0,3,0,gRNA_13886
Reference,15.02890173,84.97109827,346,346,346,52,294,0,0,0,294,0,0,294,0,0,0,0,gRNA_13887
HDR,,,346,346,0,0,0,0,0,0,0,0,0,0,0,0,0,0,gRNA_13887
Reference,27.22513089,72.77486911,230,230,191,52,139,0,0,0,139,0,0,139,0,0,0,0,gRNA_13888
HDR,46.15384615,53.84615385,230,230,39,18,21,0,0,0,21,0,0,21,0,0,0,0,gRNA_13888
Reference,13.63636364,86.36363636,53,53,22,3,19,0,1,2,18,0,1,17,0,0,0,1,gRNA_13889
HDR,22.58064516,77.41935484,53,53,31,7,24,0,0,0,24,0,0,24,0,0,0,0,gRNA_13889
Reference,39.63963964,60.36036036,111,111,111,44,67,0,0,1,66,0,1,66,0,0,0,0,gRNA_13890
HDR,,,111,111,0,0,0,0,0,0,0,0,0,0,0,0,0,0,gRNA_13890
Reference,44.44444444,55.55555556,45,45,45,20,25,0,0,0,25,0,0,25,0,0,0,0,gRNA_13891
HDR,,,45,45,0,0,0,0,0,0,0,0,0,0,0,0,0,0,gRNA_13891
Reference,0.72992701,99.27007299,161,161,137,1,136,0,16,9,130,0,0,117,6,10,3,0,gRNA_13892
HDR,95.65217391,4.34782609,161,161,23,22,1,0,0,0,1,0,0,1,0,0,0,0,gRNA_13892
Reference,0.30769231,99.69230769,1760,1757,1625,5,1620,0,11,13,1608,3,9,1596,0,8,4,0,gRNA_13893
HDR,0.0,100.0,1760,1757,129,0,129,0,0,0,129,0,0,129,0,0,0,0,gRNA_13893
Reference,1.41843972,98.58156028,662,629,141,2,139,0,36,1,139,0,0,102,0,36,1,0,gRNA_13894
HDR,0.0,100.0,662,629,487,0,487,0,0,3,487,0,0,484,0,0,3,0,gRNA_13894
Reference,0.0,100.0,154,154,102,0,102,0,0,0,102,0,0,102,0,0,0,0,gRNA_13895
HDR,0.0,100.0,154,154,52,0,52,0,0,0,52,0,0,52,0,0,0,0,gRNA_13895
Reference,0.0,100.0,749,745,384,0,384,0,383,2,384,0,0,1,0,381,0,2,gRNA_13896
HDR,0.0,100.0,749,745,73,0,73,0,18,1,56,17,0,54,0,1,1,0,gRNA_13896
Reference,0.0,100.0,597,421,103,0,103,0,45,0,91,12,0,58,0,33,0,0,gRNA_13897
HDR,0.3164557,99.6835443,597,421,316,1,315,0,26,0,293,22,0,289,0,4,0,0,gRNA_13897
Reference,0.0,100.0,409,408,52,0,52,0,0,1,52,0,0,51,0,0,1,0,gRNA_13898
HDR,2.07100592,97.92899408,409,408,338,7,331,0,0,0,331,0,0,331,0,0,0,0,gRNA_13898
Reference,0.0,100.0,111,111,8,0,8,0,0,0,8,0,0,8,0,0,0,0,gRNA_13899
HDR,83.49514563,16.50485437,111,111,103,86,17,0,0,1,16,0,1,16,0,0,0,0,gRNA_13899
Reference,0.0,100.0,42,42,26,0,26,0,0,6,20,0,6,20,0,0,0,0,gRNA_13900
HDR,12.5,87.5,42,42,16,2,14,0,0,0,14,0,0,14,0,0,0,0,gRNA_13900
Reference,45.8041958,54.1958042,335,335,286,131,155,0,0,1,154,0,1,154,0,0,0,0,gRNA_13901
HDR,75.51020408,24.48979592,335,335,49,37,12,0,0,1,11,0,1,11,0,0,0,0,gRNA_13901
Reference,57.5928009,42.4071991,1143,1138,889,512,377,0,0,5,374,0,3,372,0,0,2,0,gRNA_13902
HDR,83.51648352,16.48351648,1143,1138,91,76,15,0,0,1,14,0,1,14,0,0,0,0,gRNA_13902
Reference,1.33333333,98.66666667,263,263,75,1,74,0,0,47,27,0,47,27,0,0,0,0,gRNA_13903
HDR,3.19148936,96.80851064,263,263,188,6,182,0,1,0,181,1,0,181,0,0,0,0,gRNA_13903
Reference,29.8245614,70.1754386,205,202,171,51,120,0,0,0,120,0,0,120,0,0,0,0,gRNA_13904
HDR,25.80645161,74.19354839,205,202,31,8,23,0,0,0,23,0,0,23,0,0,0,0,gRNA_13904
Reference,45.72649573,54.27350427,957,957,936,428,508,0,110,1,507,0,1,397,0,110,0,0,gRNA_13905
HDR,68.42105263,31.57894737,957,957,19,13,6,0,0,0,6,0,0,6,0,0,0,0,gRNA_13905
Reference,23.72881356,76.27118644,72,72,59,14,45,0,0,0,45,0,0,45,0,0,0,0,gRNA_13906
HDR,0.0,100.0,72,72,11,0,11,0,0,0,11,0,0,11,0,0,0,0,gRNA_13906
Reference,9.02255639,90.97744361,804,804,532,48,484,0,0,1,484,0,0,483,0,0,1,0,gRNA_13907
HDR,33.08823529,66.91176471,804,804,272,90,182,0,0,3,181,0,1,179,0,0,2,0,gRNA_13907
Reference,6.04651163,93.95348837,215,215,215,13,202,0,0,2,201,0,1,200,0,0,1,0,gRNA_13908
HDR,,,215,215,0,0,0,0,0,0,0,0,0,0,0,0,0,0,gRNA_13908
Reference,0.0,100.0,144,144,124,0,124,0,0,0,124,0,0,124,0,0,0,0,gRNA_13909
HDR,0.0,100.0,144,144,20,0,20,0,0,0,20,0,0,20,0,0,0,0,gRNA_13909
Reference,29.77867203,70.22132797,506,506,497,148,349,0,0,1,349,0,0,348,0,0,1,0,gRNA_13910
HDR,0.0,100.0,506,506,7,0,7,0,0,0,7,0,0,7,0,0,0,0,gRNA_13910
Reference,10.15299026,89.84700974,958,958,719,73,646,0,0,0,646,0,0,646,0,0,0,0,gRNA_13911
HDR,30.80168776,69.19831224,958,958,237,73,164,0,0,0,164,0,0,164,0,0,0,0,gRNA_13911
Reference,0.0,100.0,3987,3982,3050,0,3050,0,0,17,3050,0,0,3033,0,0,17,0,gRNA_13912
HDR,0.10775862,99.89224138,3987,3982,928,1,927,0,0,7,927,0,0,920,0,0,7,0,gRNA_13912
Reference,22.72727273,77.27272727,741,741,352,80,272,0,148,157,122,0,6,115,144,0,3,4,gRNA_13913
HDR,39.17525773,60.82474227,741,741,388,152,236,0,0,1,236,0,0,235,0,0,1,0,gRNA_13913
Reference,45.87628866,54.12371134,331,329,194,89,105,0,1,0,105,0,0,104,0,1,0,0,gRNA_13914
HDR,32.33082707,67.66917293,331,329,133,43,90,0,0,0,90,0,0,90,0,0,0,0,gRNA_13914
Reference,1.47058824,98.52941176,2981,2210,1768,26,1742,0,46,5,1733,7,2,1691,0,39,3,0,gRNA_13915
HDR,58.54214123,41.45785877,2981,2210,439,257,182,0,0,0,182,0,0,182,0,0,0,0,gRNA_13915
Reference,7.94701987,92.05298013,304,304,302,24,278,0,0,1,278,0,0,277,0,0,1,0,gRNA_13916
HDR,0.0,100.0,304,304,2,0,2,0,0,0,2,0,0,2,0,0,0,0,gRNA_13916
Reference,0.0,100.0,2567,2567,565,0,565,0,0,557,44,0,521,8,0,0,36,0,gRNA_13917
HDR,0.0,100.0,2567,2567,1999,0,1999,0,0,5,1999,0,0,1994,0,0,5,0,gRNA_13917
Reference,14.45783133,85.54216867,6943,6943,83,12,71,0,2,0,70,1,0,69,0,1,0,0,gRNA_13918
HDR,33.06522375,66.93477625,6943,6943,6838,2261,4577,0,3,33,4561,2,14,4541,0,1,19,0,gRNA_13918
Reference,0.0,100.0,488,486,80,0,80,0,51,6,74,5,1,23,0,46,5,0,gRNA_13919
HDR,0.0,100.0,488,486,254,0,254,0,0,3,254,0,0,251,0,0,3,0,gRNA_13919
Reference,0.0,100.0,10721,10596,27,0,27,0,1,1,26,0,0,26,1,0,0,0,gRNA_13920
HDR,6.25236832,93.74763168,10721,10596,10556,660,9896,0,166,1558,9584,11,240,8244,61,83,1246,11,gRNA_13920
Reference,0.0,100.0,1145,660,5,0,5,0,4,3,5,0,0,1,0,1,0,3,gRNA_13921
HDR,0.46082949,99.53917051,1145,660,651,3,648,0,1,4,648,0,0,643,0,1,4,0,gRNA_13921
Reference,0.0,100.0,98,98,40,0,40,0,40,13,8,19,0,0,13,8,0,0,gRNA_13922
HDR,0.0,100.0,98,98,57,0,57,0,0,1,57,0,0,56,0,0,1,0,gRNA_13922
Reference,,,23,10,0,0,0,0,0,0,0,0,0,0,0,0,0,0,gRNA_13923
HDR,0.0,100.0,23,10,10,0,10,0,0,0,10,0,0,10,0,0,0,0,gRNA_13923
Reference,0.0,0.0,0,0,0,0,0,0,0,0,0,0,0,0,0,0,0,0,gRNA_13924
HDR,0.0,0.0,0,0,0,0,0,0,0,0,0,0,0,0,0,0,0,0,gRNA_13924
Reference,0.0,100.0,49,49,7,0,7,0,7,0,0,7,0,0,0,0,0,0,gRNA_13925
HDR,7.14285714,92.85714286,49,49,42,3,39,0,39,0,34,5,0,0,0,34,0,0,gRNA_13925
Reference,0.0,0.0,0,0,0,0,0,0,0,0,0,0,0,0,0,0,0,0,gRNA_13926
HDR,0.0,0.0,0,0,0,0,0,0,0,0,0,0,0,0,0,0,0,0,gRNA_13926
Reference,0.0,100.0,1024,1001,383,0,383,0,1,6,383,0,0,377,0,0,5,1,gRNA_13927
HDR,0.0,100.0,1024,1001,241,0,241,0,42,43,201,0,0,198,40,0,1,2,gRNA_13927
Reference,0.0,100.0,1471,1396,91,0,91,0,3,2,88,2,0,87,1,0,1,0,gRNA_13928
HDR,0.0,100.0,1471,1396,1301,0,1301,0,0,3,1299,0,2,1298,0,0,1,0,gRNA_13928
Reference,0.0,100.0,2115,2058,11,0,11,0,1,0,11,0,0,10,0,1,0,0,gRNA_13929
HDR,46.25374625,53.74625375,2115,2058,2002,926,1076,0,10,11,1071,0,5,1057,0,8,4,2,gRNA_13929
Reference,23.33333333,76.66666667,3702,3437,30,7,23,0,9,11,16,0,0,10,7,2,4,0,gRNA_13930
HDR,0.23508669,99.76491331,3702,3437,3403,8,3395,0,0,16,3394,0,1,3379,0,0,15,0,gRNA_13930
Reference,21.42857143,78.57142857,1208,1208,784,168,616,0,46,0,612,4,0,570,0,42,0,0,gRNA_13931
HDR,48.45605701,51.54394299,1208,1208,421,204,217,0,0,6,213,0,4,211,0,0,2,0,gRNA_13931
Reference,0.0,100.0,734,710,11,0,11,0,4,0,11,0,0,7,0,4,0,0,gRNA_13932
HDR,0.0,100.0,734,710,569,0,569,0,0,21,554,0,15,548,0,0,6,0,gRNA_13932
Reference,0.0,100.0,109,109,81,0,81,0,1,0,81,0,0,80,0,1,0,0,gRNA_13933
HDR,,,109,109,0,0,0,0,0,0,0,0,0,0,0,0,0,0,gRNA_13933
Reference,0.0,100.0,2126,2120,1889,0,1889,0,77,63,1889,0,0,1811,0,15,1,62,gRNA_13934
HDR,0.0,100.0,2126,2120,226,0,226,0,0,1,226,0,0,225,0,0,1,0,gRNA_13934
Reference,0.0,100.0,1151,1151,1034,0,1034,0,236,134,897,7,0,796,130,97,2,2,gRNA_13935
HDR,0.0,100.0,1151,1151,115,0,115,0,0,0,115,0,0,115,0,0,0,0,gRNA_13935
Reference,2.38095238,97.61904762,1308,1307,42,1,41,0,33,34,10,0,0,7,31,0,1,2,gRNA_13936
HDR,0.0,100.0,1308,1307,1243,0,1243,0,339,6,1206,36,0,901,1,300,3,2,gRNA_13936
Reference,0.0,100.0,4189,3724,922,0,922,0,1,319,671,0,251,602,0,1,68,0,gRNA_13937
HDR,0.0,100.0,4189,3724,2796,0,2796,0,0,19,2794,0,2,2777,0,0,17,0,gRNA_13937
Reference,0.0,100.0,2882,2749,11,0,11,0,1,0,11,0,0,10,0,1,0,0,gRNA_13938
HDR,0.0,100.0,2882,2749,2723,0,2723,0,16,15,2721,0,2,2692,0,16,13,0,gRNA_13938
Reference,0.0,100.0,3746,3489,1258,0,1258,0,417,106,1188,2,67,740,1,410,34,4,gRNA_13939
HDR,0.0,100.0,3746,3489,1803,0,1803,0,0,36,1782,0,21,1767,0,0,15,0,gRNA_13939
Reference,0.0,100.0,431,431,416,0,416,0,0,25,397,0,19,391,0,0,6,0,gRNA_13940
HDR,0.0,100.0,431,431,15,0,15,0,0,0,15,0,0,15,0,0,0,0,gRNA_13940
Reference,0.0,100.0,1098,1020,482,0,482,0,55,1,428,54,0,426,0,1,1,0,gRNA_13941
HDR,0.0,100.0,1098,1020,535,0,535,0,1,2,535,0,0,532,0,1,2,0,gRNA_13941
Reference,0.0,100.0,3403,3335,3101,0,3101,0,34,19,3096,5,0,3048,0,29,19,0,gRNA_13942
HDR,0.0,100.0,3403,3335,144,0,144,0,1,1,143,0,1,142,0,1,0,0,gRNA_13942
Reference,7.69230769,92.30769231,806,727,13,1,12,0,0,10,9,0,3,2,0,0,7,0,gRNA_13943
HDR,26.86357243,73.13642757,806,727,711,191,520,0,0,0,520,0,0,520,0,0,0,0,gRNA_13943
Reference,1.5625,98.4375,228,227,64,1,63,0,0,0,63,0,0,63,0,0,0,0,gRNA_13944
HDR,4.375,95.625,228,227,160,7,153,0,0,9,144,0,9,144,0,0,0,0,gRNA_13944
Reference,0.0,100.0,492,492,3,0,3,0,0,0,3,0,0,3,0,0,0,0,gRNA_13945
HDR,10.63394683,89.36605317,492,492,489,52,437,0,0,2,436,0,1,435,0,0,1,0,gRNA_13945
Reference,0.07942812,99.92057188,1408,1408,1259,1,1258,0,58,5,1256,0,2,1195,0,58,3,0,gRNA_13946
HDR,0.67567568,99.32432432,1408,1408,148,1,147,0,1,1,146,1,0,145,0,0,1,0,gRNA_13946
Reference,0.0,100.0,664,660,66,0,66,0,22,0,53,13,0,44,0,9,0,0,gRNA_13947
HDR,31.53692615,68.46307385,664,660,501,158,343,0,0,0,343,0,0,343,0,0,0,0,gRNA_13947
Reference,0.0,100.0,101,101,3,0,3,0,0,0,3,0,0,3,0,0,0,0,gRNA_13948
HDR,42.85714286,57.14285714,101,101,98,42,56,0,0,40,18,0,38,16,0,0,2,0,gRNA_13948
Reference,33.33333333,66.66666667,9,9,3,1,2,0,0,0,2,0,0,2,0,0,0,0,gRNA_13949
HDR,83.33333333,16.66666667,9,9,6,5,1,0,0,0,1,0,0,1,0,0,0,0,gRNA_13949
Reference,0.0,100.0,958,903,86,0,86,0,2,9,86,0,0,75,0,2,9,0,gRNA_13950
HDR,6.44718793,93.55281207,958,903,729,47,682,0,352,4,345,336,1,326,0,16,3,0,gRNA_13950
Reference,0.50505051,99.49494949,1367,1355,594,3,591,0,53,57,525,10,55,482,1,42,1,0,gRNA_13951
HDR,14.21052632,85.78947368,1367,1355,760,108,652,0,0,4,649,0,3,648,0,0,1,0,gRNA_13951
Reference,50.0,50.0,40,33,2,1,1,0,0,0,1,0,0,1,0,0,0,0,gRNA_13952
HDR,0.0,100.0,40,33,31,0,31,0,0,0,31,0,0,31,0,0,0,0,gRNA_13952
Reference,0.0,0.0,0,0,0,0,0,0,0,0,0,0,0,0,0,0,0,0,gRNA_13953
HDR,0.0,0.0,0,0,0,0,0,0,0,0,0,0,0,0,0,0,0,0,gRNA_13953
Reference,1.49866557,98.50133443,5584,5582,4871,73,4798,0,43,33,4796,0,2,4723,0,42,30,1,gRNA_13954
HDR,0.0,100.0,5584,5582,653,0,653,0,0,5,653,0,0,648,0,0,5,0,gRNA_13954
Reference,1.06666667,98.93333333,676,676,375,4,371,0,5,0,368,3,0,366,0,2,0,0,gRNA_13955
HDR,3.32225914,96.67774086,676,676,301,10,291,0,0,3,291,0,0,288,0,0,3,0,gRNA_13955
Reference,1.72413793,98.27586207,1980,1980,1972,34,1938,0,130,11,1867,71,0,1797,0,59,11,0,gRNA_13956
HDR,0.0,100.0,1980,1980,4,0,4,0,1,0,3,1,0,3,0,0,0,0,gRNA_13956
Reference,3.44827586,96.55172414,241,241,232,8,224,0,0,1,224,0,0,223,0,0,1,0,gRNA_13957
HDR,0.0,100.0,241,241,9,0,9,0,0,0,9,0,0,9,0,0,0,0,gRNA_13957
Reference,0.81521739,99.18478261,1560,1558,736,6,730,0,11,20,726,1,3,709,0,0,7,10,gRNA_13958
HDR,39.42857143,60.57142857,1560,1558,700,276,424,0,1,5,422,0,2,419,0,0,2,1,gRNA_13958
Reference,0.0,100.0,2,2,1,0,1,0,1,0,1,0,0,0,0,1,0,0,gRNA_13959
HDR,,,2,2,0,0,0,0,0,0,0,0,0,0,0,0,0,0,gRNA_13959
Reference,0.0,100.0,59,59,55,0,55,0,2,0,55,0,0,53,0,2,0,0,gRNA_13960
HDR,0.0,100.0,59,59,4,0,4,0,0,0,4,0,0,4,0,0,0,0,gRNA_13960
Reference,75.0,25.0,17,17,16,12,4,0,1,0,3,1,0,3,0,0,0,0,gRNA_13961
HDR,0.0,100.0,17,17,1,0,1,0,0,0,1,0,0,1,0,0,0,0,gRNA_13961
Reference,36.98014238,63.01985762,3627,3626,2669,987,1682,0,18,12,1674,0,8,1652,0,18,4,0,gRNA_13962
HDR,0.42016807,99.57983193,3627,3626,952,4,948,0,0,4,948,0,0,944,0,0,4,0,gRNA_13962
Reference,1.92982456,98.07017544,1105,1053,570,11,559,0,191,105,389,149,0,284,21,21,84,0,gRNA_13963
HDR,0.62370062,99.37629938,1105,1053,481,3,478,0,1,4,477,1,0,473,0,0,4,0,gRNA_13963
Reference,0.0,100.0,399,399,2,0,2,0,0,0,2,0,0,2,0,0,0,0,gRNA_13964
HDR,26.76767677,73.23232323,399,399,396,106,290,0,0,3,290,0,0,287,0,0,3,0,gRNA_13964
Reference,12.5,87.5,3428,3428,16,2,14,0,2,3,12,1,0,10,1,0,2,0,gRNA_13965
HDR,60.81081081,39.18918919,3428,3428,3404,2070,1334,0,170,22,1205,110,19,1142,0,60,3,0,gRNA_13965
Reference,9.21052632,90.78947368,1901,1901,380,35,345,0,52,214,339,2,1,82,3,47,210,0,gRNA_13966
HDR,85.04611331,14.95388669,1901,1901,1518,1291,227,0,0,7,220,0,7,220,0,0,0,0,gRNA_13966
Reference,74.14448669,25.85551331,990,986,526,390,136,0,1,3,134,0,2,132,0,1,1,0,gRNA_13967
HDR,90.65217391,9.34782609,990,986,460,417,43,0,0,4,40,0,3,39,0,0,1,0,gRNA_13967
Reference,33.7143928,66.2856072,6069,6069,5336,1799,3537,0,156,154,3363,51,76,3277,47,55,28,3,gRNA_13968
HDR,63.20132013,36.79867987,6069,6069,606,383,223,0,0,2,221,0,2,221,0,0,0,0,gRNA_13968
Reference,22.64836496,77.35163504,2515,2503,2477,561,1916,0,1,272,1659,0,257,1643,0,1,15,0,gRNA_13969
HDR,33.33333333,66.66666667,2515,2503,21,7,14,0,0,0,14,0,0,14,0,0,0,0,gRNA_13969
Reference,5.30164534,94.69835466,948,917,547,29,518,0,154,76,301,146,71,288,0,8,5,0,gRNA_13970
HDR,33.81924198,66.18075802,948,917,343,116,227,0,0,8,227,0,0,219,0,0,8,0,gRNA_13970
Reference,1.06007067,98.93992933,332,328,283,3,280,0,0,0,280,0,0,280,0,0,0,0,gRNA_13971
HDR,20.0,80.0,332,328,45,9,36,0,0,0,36,0,0,36,0,0,0,0,gRNA_13971
Reference,0.37735849,99.62264151,554,547,530,2,528,0,1,1,527,1,0,526,0,0,1,0,gRNA_13972
HDR,0.0,100.0,554,547,16,0,16,0,0,1,16,0,0,15,0,0,1,0,gRNA_13972
Reference,0.0,100.0,17,17,2,0,2,0,1,0,2,0,0,1,0,1,0,0,gRNA_13973
HDR,20.0,80.0,17,17,15,3,12,0,0,0,12,0,0,12,0,0,0,0,gRNA_13973
Reference,0.0,100.0,391,391,241,0,241,0,0,1,240,0,1,240,0,0,0,0,gRNA_13974
HDR,2.73972603,97.26027397,391,391,146,4,142,0,0,2,142,0,0,140,0,0,2,0,gRNA_13974
Reference,24.71910112,75.28089888,278,278,178,44,134,0,0,8,126,0,8,126,0,0,0,0,gRNA_13975
HDR,1.0,99.0,278,278,100,1,99,0,0,0,99,0,0,99,0,0,0,0,gRNA_13975
Reference,22.58064516,77.41935484,66,66,62,14,48,0,0,0,48,0,0,48,0,0,0,0,gRNA_13976
HDR,0.0,100.0,66,66,4,0,4,0,0,0,4,0,0,4,0,0,0,0,gRNA_13976
Reference,0.0,100.0,1,1,1,0,1,0,0,0,1,0,0,1,0,0,0,0,gRNA_13977
HDR,,,1,1,0,0,0,0,0,0,0,0,0,0,0,0,0,0,gRNA_13977
Reference,7.14285714,92.85714286,83,83,56,4,52,0,0,0,52,0,0,52,0,0,0,0,gRNA_13978
HDR,0.0,100.0,83,83,27,0,27,0,0,0,27,0,0,27,0,0,0,0,gRNA_13978
Reference,7.69230769,92.30769231,152,146,39,3,36,0,0,0,36,0,0,36,0,0,0,0,gRNA_13979
HDR,0.0,100.0,152,146,83,0,83,0,0,1,83,0,0,82,0,0,1,0,gRNA_13979
Reference,0.0,100.0,95,94,94,0,94,0,0,0,94,0,0,94,0,0,0,0,gRNA_13980
HDR,,,95,94,0,0,0,0,0,0,0,0,0,0,0,0,0,0,gRNA_13980
Reference,9.09090909,90.90909091,438,143,11,1,10,0,0,0,10,0,0,10,0,0,0,0,gRNA_13981
HDR,14.39393939,85.60606061,438,143,132,19,113,0,0,0,113,0,0,113,0,0,0,0,gRNA_13981
Reference,100.0,0.0,2,2,2,2,0,0,0,0,0,0,0,0,0,0,0,0,gRNA_13982
HDR,,,2,2,0,0,0,0,0,0,0,0,0,0,0,0,0,0,gRNA_13982
Reference,35.8974359,64.1025641,42,42,39,14,25,0,0,0,25,0,0,25,0,0,0,0,gRNA_13983
HDR,0.0,100.0,42,42,3,0,3,0,0,0,3,0,0,3,0,0,0,0,gRNA_13983
Reference,14.07407407,85.92592593,192,192,135,19,116,0,0,0,116,0,0,116,0,0,0,0,gRNA_13984
HDR,33.33333333,66.66666667,192,192,57,19,38,0,0,0,38,0,0,38,0,0,0,0,gRNA_13984
Reference,0.0,100.0,1163,1144,1,0,1,0,0,0,1,0,0,1,0,0,0,0,gRNA_13985
HDR,28.85964912,71.14035088,1163,1144,1140,329,811,0,0,6,809,0,2,805,0,0,4,0,gRNA_13985
Reference,0.0,100.0,292,80,80,0,80,0,1,34,80,0,0,45,0,1,34,0,gRNA_13986
HDR,,,292,80,0,0,0,0,0,0,0,0,0,0,0,0,0,0,gRNA_13986
Reference,,,1,1,0,0,0,0,0,0,0,0,0,0,0,0,0,0,gRNA_13987
HDR,0.0,100.0,1,1,1,0,1,0,0,0,1,0,0,1,0,0,0,0,gRNA_13987
Reference,0.0,100.0,14,14,11,0,11,0,0,0,11,0,0,11,0,0,0,0,gRNA_13988
HDR,33.33333333,66.66666667,14,14,3,1,2,0,0,0,2,0,0,2,0,0,0,0,gRNA_13988
Reference,30.8,69.2,486,486,250,77,173,0,2,3,171,0,0,170,2,0,1,0,gRNA_13989
HDR,23.93162393,76.06837607,486,486,234,56,178,0,0,1,178,0,0,177,0,0,1,0,gRNA_13989
Reference,1.25962211,98.74037789,2925,2710,1429,18,1411,0,0,154,1266,0,145,1257,0,0,9,0,gRNA_13990
HDR,0.0,100.0,2925,2710,798,0,798,0,1,12,798,0,0,785,0,1,12,0,gRNA_13990
Reference,9.85439966,90.14560034,6174,6170,4739,467,4272,0,41,22,4238,33,1,4209,0,8,21,0,gRNA_13991
HDR,0.0,100.0,6174,6170,1375,0,1375,0,0,3,1375,0,0,1372,0,0,3,0,gRNA_13991
Reference,0.0,100.0,4394,4357,106,0,106,0,104,1,103,3,0,1,0,101,1,0,gRNA_13992
HDR,15.45520406,84.54479594,4394,4357,4141,640,3501,0,7,200,3494,0,6,3295,1,6,193,0,gRNA_13992
Reference,21.42857143,78.57142857,4366,4366,14,3,11,0,1,0,11,0,0,10,0,1,0,0,gRNA_13993
HDR,58.77616747,41.22383253,4366,4366,4347,2555,1792,0,0,54,1743,0,49,1738,0,0,5,0,gRNA_13993
Reference,2.77777778,97.22222222,1021,1021,36,1,35,0,0,1,35,0,0,34,0,0,1,0,gRNA_13994
HDR,59.54825462,40.45174538,1021,1021,974,580,394,0,0,5,390,0,4,389,0,0,1,0,gRNA_13994
Reference,0.0,100.0,1616,1606,461,0,461,0,5,1,461,0,0,455,0,5,1,0,gRNA_13995
HDR,0.0,100.0,1616,1606,205,0,205,0,0,1,205,0,0,204,0,0,1,0,gRNA_13995
Reference,0.0,100.0,1171,1171,918,0,918,0,9,68,848,8,62,841,0,1,6,0,gRNA_13996
HDR,0.0,100.0,1171,1171,248,0,248,0,0,3,248,0,0,245,0,0,3,0,gRNA_13996
Reference,0.0,100.0,1742,1741,404,0,404,0,32,2,398,6,0,370,0,26,2,0,gRNA_13997
HDR,0.0,100.0,1742,1741,1306,0,1306,0,0,4,1305,0,1,1302,0,0,3,0,gRNA_13997
Reference,29.07488987,70.92511013,2367,2363,1135,330,805,0,2,132,682,0,121,673,2,0,9,0,gRNA_13998
HDR,5.84415584,94.15584416,2367,2363,1078,63,1015,0,0,4,1015,0,0,1011,0,0,4,0,gRNA_13998
Reference,2.85714286,97.14285714,52,52,35,1,34,0,0,1,33,0,1,33,0,0,0,0,gRNA_13999
HDR,70.58823529,29.41176471,52,52,17,12,5,0,0,0,5,0,0,5,0,0,0,0,gRNA_13999
Reference,0.0,100.0,33,33,33,0,33,0,0,23,16,0,17,10,0,0,6,0,gRNA_14000
HDR,,,33,33,0,0,0,0,0,0,0,0,0,0,0,0,0,0,gRNA_14000
Reference,1.72413793,98.27586207,1534,1534,58,1,57,0,18,0,57,0,0,39,0,18,0,0,gRNA_14001
HDR,11.05084746,88.94915254,1534,1534,1475,163,1312,0,52,9,1302,9,1,1251,0,43,8,0,gRNA_14001
Reference,0.0,100.0,869,863,12,0,12,0,5,0,12,0,0,7,0,5,0,0,gRNA_14002
HDR,41.6464891,58.3535109,869,863,826,344,482,0,0,2,480,0,2,480,0,0,0,0,gRNA_14002
Reference,44.44444444,55.55555556,1359,1340,9,4,5,0,0,1,5,0,0,4,0,0,1,0,gRNA_14003
HDR,68.72180451,31.27819549,1359,1340,1330,914,416,0,0,5,413,0,3,411,0,0,2,0,gRNA_14003
Reference,29.09090909,70.90909091,55,55,55,16,39,0,0,0,39,0,0,39,0,0,0,0,gRNA_14004
HDR,,,55,55,0,0,0,0,0,0,0,0,0,0,0,0,0,0,gRNA_14004
Reference,30.43478261,69.56521739,177,177,115,35,80,0,9,23,79,0,1,48,0,9,22,0,gRNA_14005
HDR,37.09677419,62.90322581,177,177,62,23,39,0,0,0,39,0,0,39,0,0,0,0,gRNA_14005
Reference,0.0,100.0,477,477,460,0,460,0,0,1,460,0,0,459,0,0,1,0,gRNA_14006
HDR,0.0,100.0,477,477,16,0,16,0,0,6,16,0,0,10,0,0,6,0,gRNA_14006
Reference,0.0,100.0,168,168,8,0,8,0,0,1,8,0,0,7,0,0,1,0,gRNA_14007
HDR,9.42028986,90.57971014,168,168,138,13,125,0,0,0,125,0,0,125,0,0,0,0,gRNA_14007
Reference,0.0,100.0,1611,558,10,0,10,0,4,0,9,1,0,6,0,3,0,0,gRNA_14008
HDR,0.92421442,99.07578558,1611,558,541,5,536,0,4,0,532,4,0,532,0,0,0,0,gRNA_14008
Reference,0.0,100.0,119,118,5,0,5,0,0,0,5,0,0,5,0,0,0,0,gRNA_14009
HDR,19.46902655,80.53097345,119,118,113,22,91,0,0,0,91,0,0,91,0,0,0,0,gRNA_14009
Reference,0.50505051,99.49494949,725,725,198,1,197,0,0,1,196,0,1,196,0,0,0,0,gRNA_14010
HDR,27.23809524,72.76190476,725,725,525,143,382,0,0,2,381,0,1,380,0,0,1,0,gRNA_14010
Reference,1.19402985,98.80597015,836,810,335,4,331,0,13,0,331,0,0,318,0,13,0,0,gRNA_14011
HDR,6.17021277,93.82978723,836,810,470,29,441,0,0,1,440,0,1,440,0,0,0,0,gRNA_14011
Reference,0.55350554,99.44649446,990,990,542,3,539,0,95,46,492,3,0,444,44,46,0,2,gRNA_14012
HDR,5.36912752,94.63087248,990,990,447,24,423,0,0,2,422,0,1,421,0,0,1,0,gRNA_14012
Reference,6.25,93.75,148,148,48,3,45,0,0,0,45,0,0,45,0,0,0,0,gRNA_14013
HDR,0.0,100.0,148,148,99,0,99,0,0,0,99,0,0,99,0,0,0,0,gRNA_14013
Reference,57.14285714,42.85714286,224,224,7,4,3,0,0,0,3,0,0,3,0,0,0,0,gRNA_14014
HDR,0.92592593,99.07407407,224,224,216,2,214,0,0,1,214,0,0,213,0,0,1,0,gRNA_14014
Reference,48.06866953,51.93133047,326,294,233,112,121,0,70,1,91,29,1,50,0,41,0,0,gRNA_14015
HDR,45.28301887,54.71698113,326,294,53,24,29,0,0,0,29,0,0,29,0,0,0,0,gRNA_14015
Reference,69.81132075,30.18867925,93,93,53,37,16,0,0,2,14,0,2,14,0,0,0,0,gRNA_14016
HDR,55.0,45.0,93,93,40,22,18,0,0,0,18,0,0,18,0,0,0,0,gRNA_14016
Reference,11.46341463,88.53658537,1465,1465,1230,141,1089,0,121,4,998,89,1,965,1,31,2,0,gRNA_14017
HDR,58.24742268,41.75257732,1465,1465,194,113,81,0,0,1,80,0,1,80,0,0,0,0,gRNA_14017
Reference,16.49319456,83.50680544,1254,1254,1249,206,1043,0,0,41,1003,0,40,1002,0,0,1,0,gRNA_14018
HDR,0.0,100.0,1254,1254,1,0,1,0,0,0,1,0,0,1,0,0,0,0,gRNA_14018
Reference,52.63157895,47.36842105,348,347,19,10,9,0,4,0,8,1,0,5,0,3,0,0,gRNA_14019
HDR,10.65830721,89.34169279,348,347,319,34,285,0,237,0,270,15,0,48,0,222,0,0,gRNA_14019
Reference,67.39130435,32.60869565,971,971,138,93,45,0,8,0,44,1,0,37,0,7,0,0,gRNA_14020
HDR,71.78871549,28.21128451,971,971,833,598,235,0,0,3,232,0,3,232,0,0,0,0,gRNA_14020
Reference,0.0,100.0,1239,1236,1,0,1,0,1,0,1,0,0,0,0,1,0,0,gRNA_14021
HDR,8.25163399,91.74836601,1239,1236,1224,101,1123,0,14,10,1118,0,5,1099,0,14,5,0,gRNA_14021
Reference,12.71676301,87.28323699,423,423,173,22,151,0,3,11,143,0,8,137,0,3,3,0,gRNA_14022
HDR,63.71308017,36.28691983,423,423,237,151,86,0,0,0,86,0,0,86,0,0,0,0,gRNA_14022
Reference,24.60732984,75.39267016,191,191,191,47,144,0,6,1,143,0,1,137,0,6,0,0,gRNA_14023
HDR,,,191,191,0,0,0,0,0,0,0,0,0,0,0,0,0,0,gRNA_14023
Reference,2.22222222,97.77777778,1406,1406,45,1,44,0,0,0,44,0,0,44,0,0,0,0,gRNA_14024
HDR,3.11149525,96.88850475,1406,1406,1157,36,1121,0,1,5,1120,0,1,1115,0,1,4,0,gRNA_14024
Reference,0.0,100.0,59,59,12,0,12,0,0,0,12,0,0,12,0,0,0,0,gRNA_14025
HDR,0.0,100.0,59,59,47,0,47,0,0,0,47,0,0,47,0,0,0,0,gRNA_14025
Reference,6.52173913,93.47826087,47,47,46,3,43,0,0,12,34,0,9,31,0,0,3,0,gRNA_14026
HDR,100.0,0.0,47,47,1,1,0,0,0,0,0,0,0,0,0,0,0,0,gRNA_14026
Reference,20.0,80.0,124,124,60,12,48,0,21,0,31,17,0,27,0,4,0,0,gRNA_14027
HDR,18.6440678,81.3559322,124,124,59,11,48,0,0,0,48,0,0,48,0,0,0,0,gRNA_14027
Reference,0.0,100.0,13,8,6,0,6,0,2,0,4,2,0,4,0,0,0,0,gRNA_14028
HDR,50.0,50.0,13,8,2,1,1,0,0,0,1,0,0,1,0,0,0,0,gRNA_14028
Reference,,,22,22,0,0,0,0,0,0,0,0,0,0,0,0,0,0,gRNA_14029
HDR,0.0,100.0,22,22,22,0,22,0,0,1,22,0,0,21,0,0,1,0,gRNA_14029
Reference,2.56410256,97.43589744,888,887,117,3,114,0,12,0,103,11,0,102,0,1,0,0,gRNA_14030
HDR,16.48501362,83.51498638,888,887,734,121,613,0,0,5,612,0,1,608,0,0,4,0,gRNA_14030
Reference,37.6146789,62.3853211,783,754,109,41,68,0,12,1,67,0,0,56,1,11,0,0,gRNA_14031
HDR,58.21596244,41.78403756,783,754,639,372,267,0,4,3,261,4,2,260,0,0,1,0,gRNA_14031
Reference,10.3286385,89.6713615,1072,258,213,22,191,0,3,16,186,0,5,172,0,3,11,0,gRNA_14032
HDR,5.55555556,94.44444444,1072,258,18,1,17,0,0,0,17,0,0,17,0,0,0,0,gRNA_14032
Reference,11.66097838,88.33902162,2427,2425,1758,205,1553,0,136,71,1456,75,3,1379,19,28,35,14,gRNA_14033
HDR,75.48161121,24.51838879,2427,2425,571,431,140,0,0,2,139,0,1,138,0,0,1,0,gRNA_14033
Reference,27.3381295,72.6618705,620,620,139,38,101,0,0,0,101,0,0,101,0,0,0,0,gRNA_14034
HDR,80.60046189,19.39953811,620,620,433,349,84,0,0,2,82,0,2,82,0,0,0,0,gRNA_14034
Reference,0.0,100.0,416,416,43,0,43,0,0,1,42,0,1,42,0,0,0,0,gRNA_14035
HDR,0.80645161,99.19354839,416,416,372,3,369,0,0,3,366,0,3,366,0,0,0,0,gRNA_14035
Reference,0.0,100.0,1060,936,750,0,750,0,80,5,731,19,0,666,0,60,4,1,gRNA_14036
HDR,0.0,100.0,1060,936,183,0,183,0,0,0,183,0,0,183,0,0,0,0,gRNA_14036
Reference,12.80487805,87.19512195,1177,1160,164,21,143,0,1,3,141,0,1,140,1,0,1,0,gRNA_14037
HDR,0.0,100.0,1177,1160,104,0,104,0,0,0,104,0,0,104,0,0,0,0,gRNA_14037
Reference,0.0,100.0,405,405,9,0,9,0,0,0,9,0,0,9,0,0,0,0,gRNA_14038
HDR,6.90537084,93.09462916,405,405,391,27,364,0,0,0,364,0,0,364,0,0,0,0,gRNA_14038
Reference,0.0,100.0,209,209,12,0,12,0,0,0,12,0,0,12,0,0,0,0,gRNA_14039
HDR,4.06091371,95.93908629,209,209,197,8,189,0,0,1,189,0,0,188,0,0,1,0,gRNA_14039
Reference,0.07487832,99.92512168,3175,3128,2671,2,2669,0,0,9,2668,0,1,2660,0,0,8,0,gRNA_14040
HDR,48.11529933,51.88470067,3175,3128,451,217,234,0,0,3,233,0,1,231,0,0,2,0,gRNA_14040
Reference,19.19642857,80.80357143,342,342,224,43,181,0,0,0,181,0,0,181,0,0,0,0,gRNA_14041
HDR,82.53968254,17.46031746,342,342,63,52,11,0,0,0,11,0,0,11,0,0,0,0,gRNA_14041
Reference,12.5,87.5,668,652,64,8,56,0,3,3,54,1,0,51,1,1,2,0,gRNA_14042
HDR,76.21722846,23.78277154,668,652,534,407,127,0,12,0,120,7,0,115,0,5,0,0,gRNA_14042
Reference,0.0,100.0,110,103,11,0,11,0,0,9,11,0,0,2,0,0,9,0,gRNA_14043
HDR,2.17391304,97.82608696,110,103,92,2,90,0,5,0,89,1,0,85,0,4,0,0,gRNA_14043
Reference,0.0,100.0,3,3,1,0,1,0,0,0,1,0,0,1,0,0,0,0,gRNA_14044
HDR,,,3,3,0,0,0,0,0,0,0,0,0,0,0,0,0,0,gRNA_14044
Reference,37.59398496,62.40601504,393,335,266,100,166,0,5,3,166,0,0,158,0,5,3,0,gRNA_14045
HDR,14.70588235,85.29411765,393,335,68,10,58,0,1,0,57,1,0,57,0,0,0,0,gRNA_14045
Reference,5.17647059,94.82352941,436,436,425,22,403,0,1,3,402,1,0,399,0,0,3,0,gRNA_14046
HDR,11.11111111,88.88888889,436,436,9,1,8,0,0,0,8,0,0,8,0,0,0,0,gRNA_14046
Reference,17.34693878,82.65306122,202,202,196,34,162,0,8,8,154,0,0,154,8,0,0,0,gRNA_14047
HDR,0.0,100.0,202,202,6,0,6,0,0,0,6,0,0,6,0,0,0,0,gRNA_14047
Reference,28.57142857,71.42857143,141,141,14,4,10,0,0,0,10,0,0,10,0,0,0,0,gRNA_14048
HDR,60.31746032,39.68253968,141,141,126,76,50,0,0,1,50,0,0,49,0,0,1,0,gRNA_14048
Reference,17.24137931,82.75862069,52,52,29,5,24,0,19,0,24,0,0,5,0,19,0,0,gRNA_14049
HDR,69.56521739,30.43478261,52,52,23,16,7,0,0,0,7,0,0,7,0,0,0,0,gRNA_14049
Reference,12.20238095,87.79761905,899,899,672,82,590,0,182,3,432,157,0,407,1,23,1,1,gRNA_14050
HDR,17.62114537,82.37885463,899,899,227,40,187,0,74,1,115,71,1,112,0,3,0,0,gRNA_14050
Reference,0.0,100.0,652,652,13,0,13,0,8,1,12,0,1,4,0,8,0,0,gRNA_14051
HDR,11.26760563,88.73239437,652,652,639,72,567,0,0,2,565,0,2,565,0,0,0,0,gRNA_14051
Reference,0.0,100.0,1972,1971,1,0,1,0,0,0,1,0,0,1,0,0,0,0,gRNA_14052
HDR,1.72676486,98.27323514,1972,1971,1969,34,1935,0,35,6,1921,9,5,1894,0,26,1,0,gRNA_14052
Reference,,,163,163,0,0,0,0,0,0,0,0,0,0,0,0,0,0,gRNA_14053
HDR,0.0,100.0,163,163,162,0,162,0,0,1,162,0,0,161,0,0,1,0,gRNA_14053
Reference,0.0,100.0,2,2,2,0,2,0,0,1,2,0,0,1,0,0,1,0,gRNA_14054
HDR,,,2,2,0,0,0,0,0,0,0,0,0,0,0,0,0,0,gRNA_14054
Reference,0.0,100.0,105,93,4,0,4,0,4,0,4,0,0,0,0,4,0,0,gRNA_14055
HDR,0.0,100.0,105,93,89,0,89,0,0,3,88,0,1,86,0,0,2,0,gRNA_14055
Reference,0.0,100.0,1545,1545,60,0,60,0,12,0,60,0,0,48,0,12,0,0,gRNA_14056
HDR,4.71380471,95.28619529,1545,1545,1485,70,1415,0,0,6,1414,0,1,1409,0,0,5,0,gRNA_14056
Reference,0.0,100.0,165,162,161,0,161,0,0,0,161,0,0,161,0,0,0,0,gRNA_14057
HDR,0.0,100.0,165,162,1,0,1,0,0,0,1,0,0,1,0,0,0,0,gRNA_14057
Reference,0.0,100.0,448,408,87,0,87,0,44,44,43,0,0,43,44,0,0,0,gRNA_14058
HDR,0.0,100.0,448,408,320,0,320,0,0,2,320,0,0,318,0,0,2,0,gRNA_14058
Reference,75.0,25.0,74,74,8,6,2,0,0,0,2,0,0,2,0,0,0,0,gRNA_14059
HDR,49.20634921,50.79365079,74,74,63,31,32,0,0,2,30,0,2,30,0,0,0,0,gRNA_14059
Reference,2.80373832,97.19626168,1390,1387,321,9,312,0,0,1,312,0,0,311,0,0,1,0,gRNA_14060
HDR,6.42115203,93.57884797,1390,1387,1059,68,991,0,0,21,979,0,12,970,0,0,9,0,gRNA_14060
Reference,0.0,100.0,248,243,2,0,2,0,0,0,2,0,0,2,0,0,0,0,gRNA_14061
HDR,0.0,100.0,248,243,240,0,240,0,0,0,240,0,0,240,0,0,0,0,gRNA_14061
Reference,0.0,100.0,240,240,12,0,12,0,1,0,11,1,0,11,0,0,0,0,gRNA_14062
HDR,4.38596491,95.61403509,240,240,228,10,218,0,0,0,218,0,0,218,0,0,0,0,gRNA_14062
Reference,0.0,100.0,372,372,1,0,1,0,1,1,0,0,0,0,1,0,0,0,gRNA_14063
HDR,8.89487871,91.10512129,372,372,371,33,338,0,0,68,273,0,65,270,0,0,3,0,gRNA_14063
Reference,2.81690141,97.18309859,1449,1446,71,2,69,0,0,5,64,0,5,64,0,0,0,0,gRNA_14064
HDR,35.22561863,64.77438137,1449,1446,1374,484,890,0,75,80,887,0,3,810,0,0,2,75,gRNA_14064
Reference,7.14285714,92.85714286,451,449,56,4,52,0,4,1,48,4,0,47,0,0,1,0,gRNA_14065
HDR,62.77372263,37.22627737,451,449,274,172,102,0,0,0,102,0,0,102,0,0,0,0,gRNA_14065
Reference,0.0,0.0,0,0,0,0,0,0,0,0,0,0,0,0,0,0,0,0,gRNA_14066
HDR,0.0,0.0,0,0,0,0,0,0,0,0,0,0,0,0,0,0,0,0,gRNA_14066
Reference,5.63380282,94.36619718,327,327,213,12,201,0,56,2,196,5,0,144,0,50,1,1,gRNA_14067
HDR,0.0,100.0,327,327,68,0,68,0,0,0,68,0,0,68,0,0,0,0,gRNA_14067
Reference,5.55555556,94.44444444,161,161,36,2,34,0,0,0,34,0,0,34,0,0,0,0,gRNA_14068
HDR,0.0,100.0,161,161,125,0,125,0,0,1,125,0,0,124,0,0,1,0,gRNA_14068
Reference,,,154,152,0,0,0,0,0,0,0,0,0,0,0,0,0,0,gRNA_14069
HDR,10.28037383,89.71962617,154,152,107,11,96,0,0,0,96,0,0,96,0,0,0,0,gRNA_14069
Reference,0.0,100.0,185,185,52,0,52,0,0,0,52,0,0,52,0,0,0,0,gRNA_14070
HDR,8.33333333,91.66666667,185,185,132,11,121,0,0,1,121,0,0,120,0,0,1,0,gRNA_14070
Reference,5.60747664,94.39252336,756,687,107,6,101,0,29,2,75,26,0,70,0,3,2,0,gRNA_14071
HDR,8.33333333,91.66666667,756,687,516,43,473,0,1,28,472,0,1,444,0,1,27,0,gRNA_14071
Reference,0.0,100.0,580,580,580,0,580,0,10,25,555,9,16,545,0,1,9,0,gRNA_14072
HDR,,,580,580,0,0,0,0,0,0,0,0,0,0,0,0,0,0,gRNA_14072
Reference,32.69230769,67.30769231,904,900,260,85,175,0,4,4,172,0,0,171,3,0,0,1,gRNA_14073
HDR,21.19309262,78.80690738,904,900,637,135,502,0,2,4,500,1,1,496,0,1,3,0,gRNA_14073
Reference,60.56338028,39.43661972,1461,1460,142,86,56,0,14,0,43,13,0,42,0,1,0,0,gRNA_14074
HDR,9.94248151,90.05751849,1461,1460,1217,121,1096,0,3,4,1095,0,0,1091,1,1,2,1,gRNA_14074
Reference,8.05687204,91.94312796,907,907,211,17,194,0,32,1,191,3,0,161,0,29,1,0,gRNA_14075
HDR,68.49710983,31.50289017,907,907,692,474,218,0,0,3,217,0,1,215,0,0,2,0,gRNA_14075
Reference,0.0,100.0,432,432,20,0,20,0,20,0,14,6,0,0,0,14,0,0,gRNA_14076
HDR,76.39902676,23.60097324,432,432,411,314,97,0,0,1,96,0,1,96,0,0,0,0,gRNA_14076
Reference,2.04081633,97.95918367,1357,1357,49,1,48,0,0,32,20,0,28,16,0,0,4,0,gRNA_14077
HDR,69.84258492,30.15741508,1357,1357,1207,843,364,0,0,7,358,0,6,357,0,0,1,0,gRNA_14077
Reference,0.0,100.0,2416,2180,87,0,87,0,1,70,19,1,67,16,0,0,3,0,gRNA_14078
HDR,0.09775171,99.90224829,2416,2180,2046,2,2044,0,0,8,2044,0,0,2036,0,0,8,0,gRNA_14078
Reference,0.0,100.0,198,198,13,0,13,0,0,8,13,0,0,5,0,0,8,0,gRNA_14079
HDR,13.66120219,86.33879781,198,198,183,25,158,0,1,1,158,0,0,156,0,1,1,0,gRNA_14079
Reference,0.0,100.0,75,75,11,0,11,0,0,0,11,0,0,11,0,0,0,0,gRNA_14080
HDR,4.6875,95.3125,75,75,64,3,61,0,0,1,60,0,1,60,0,0,0,0,gRNA_14080
Reference,11.3832853,88.6167147,2178,1281,694,79,615,0,4,1,611,4,0,610,0,0,1,0,gRNA_14081
HDR,1.36986301,98.63013699,2178,1281,584,8,576,0,0,16,575,0,1,560,0,0,15,0,gRNA_14081
Reference,0.0,100.0,278,244,86,0,86,0,0,28,59,0,27,58,0,0,1,0,gRNA_14082
HDR,0.74074074,99.25925926,278,244,135,1,134,0,0,1,134,0,0,133,0,0,1,0,gRNA_14082
Reference,34.47664104,65.52335896,1903,1903,1691,583,1108,0,0,1,1107,0,1,1107,0,0,0,0,gRNA_14083
HDR,68.0,32.0,1903,1903,200,136,64,0,0,1,63,0,1,63,0,0,0,0,gRNA_14083
Reference,1.81818182,98.18181818,1159,1159,165,3,162,0,26,1,143,18,1,135,0,8,0,0,gRNA_14084
HDR,22.47983871,77.52016129,1159,1159,992,223,769,0,1,4,768,0,1,764,0,1,3,0,gRNA_14084
Reference,1.63934426,98.36065574,338,338,183,3,180,0,34,39,131,12,36,108,1,21,2,0,gRNA_14085
HDR,2.05479452,97.94520548,338,338,146,3,143,0,0,1,143,0,0,142,0,0,1,0,gRNA_14085
Reference,16.44832606,83.55167394,2325,2320,687,113,574,0,2,66,513,0,61,508,0,0,3,2,gRNA_14086
HDR,56.59914058,43.40085942,2325,2320,1629,922,707,0,4,6,702,2,3,697,0,2,3,0,gRNA_14086
Reference,55.01113586,44.98886414,850,850,449,247,202,0,8,10,194,0,0,192,8,0,2,0,gRNA_14087
HDR,51.91815857,48.08184143,850,850,391,203,188,0,0,3,186,0,2,185,0,0,1,0,gRNA_14087
Reference,17.33505821,82.66494179,1557,1554,1546,268,1278,0,0,4,1274,0,4,1274,0,0,0,0,gRNA_14088
HDR,60.0,40.0,1557,1554,5,3,2,0,0,0,2,0,0,2,0,0,0,0,gRNA_14088
Reference,4.34782609,95.65217391,801,722,276,12,264,0,22,1,262,1,1,241,0,21,0,0,gRNA_14089
HDR,19.86455982,80.13544018,801,722,443,88,355,0,0,77,354,0,1,278,0,0,76,0,gRNA_14089
Reference,0.0,100.0,443,443,5,0,5,0,1,0,5,0,0,4,0,1,0,0,gRNA_14090
HDR,61.48491879,38.51508121,443,443,431,265,166,0,0,2,165,0,1,164,0,0,1,0,gRNA_14090
Reference,0.0,100.0,466,465,1,0,1,0,1,0,1,0,0,0,0,1,0,0,gRNA_14091
HDR,73.86609071,26.13390929,466,465,463,342,121,0,0,0,121,0,0,121,0,0,0,0,gRNA_14091
Reference,2.7027027,97.2972973,455,455,111,3,108,0,0,1,108,0,0,107,0,0,1,0,gRNA_14092
HDR,0.0,100.0,455,455,344,0,344,0,0,0,344,0,0,344,0,0,0,0,gRNA_14092
Reference,65.51724138,34.48275862,83,83,58,38,20,0,0,0,20,0,0,20,0,0,0,0,gRNA_14093
HDR,100.0,0.0,83,83,25,25,0,0,0,0,0,0,0,0,0,0,0,0,gRNA_14093
Reference,12.36673774,87.63326226,473,473,469,58,411,0,0,2,411,0,0,409,0,0,2,0,gRNA_14094
HDR,0.0,100.0,473,473,2,0,2,0,0,0,2,0,0,2,0,0,0,0,gRNA_14094
Reference,15.0,85.0,230,229,200,30,170,0,1,1,168,1,1,168,0,0,0,0,gRNA_14095
HDR,12.0,88.0,230,229,25,3,22,0,0,0,22,0,0,22,0,0,0,0,gRNA_14095
Reference,0.7518797,99.2481203,513,513,266,2,264,0,10,10,255,0,0,254,9,0,0,1,gRNA_14096
HDR,8.53658537,91.46341463,513,513,246,21,225,0,0,2,225,0,0,223,0,0,2,0,gRNA_14096
Reference,0.0,100.0,32,32,32,0,32,0,0,1,31,0,1,31,0,0,0,0,gRNA_14097
HDR,,,32,32,0,0,0,0,0,0,0,0,0,0,0,0,0,0,gRNA_14097
Reference,0.0,100.0,1,1,1,0,1,0,0,0,1,0,0,1,0,0,0,0,gRNA_14098
HDR,,,1,1,0,0,0,0,0,0,0,0,0,0,0,0,0,0,gRNA_14098
Reference,0.0,100.0,64,64,19,0,19,0,0,0,19,0,0,19,0,0,0,0,gRNA_14099
HDR,0.0,100.0,64,64,16,0,16,0,0,1,16,0,0,15,0,0,1,0,gRNA_14099
Reference,0.0,100.0,1693,1680,12,0,12,0,0,9,12,0,0,3,0,0,9,0,gRNA_14100
HDR,0.13342228,99.86657772,1693,1680,1499,2,1497,0,0,2,1497,0,0,1495,0,0,2,0,gRNA_14100
Reference,14.18918919,85.81081081,370,370,296,42,254,0,0,2,253,0,1,252,0,0,1,0,gRNA_14101
HDR,10.81081081,89.18918919,370,370,74,8,66,0,0,0,66,0,0,66,0,0,0,0,gRNA_14101
Reference,73.74005305,26.25994695,1444,1426,1131,834,297,0,28,10,271,16,0,269,10,2,0,0,gRNA_14102
HDR,86.25429553,13.74570447,1444,1426,291,251,40,0,0,0,40,0,0,40,0,0,0,0,gRNA_14102
Reference,1.87793427,98.12206573,653,653,426,8,418,0,0,1,418,0,0,417,0,0,1,0,gRNA_14103
HDR,0.0,100.0,653,653,227,0,227,0,0,1,227,0,0,226,0,0,1,0,gRNA_14103
Reference,32.25806452,67.74193548,323,322,31,10,21,0,3,0,18,3,0,18,0,0,0,0,gRNA_14104
HDR,12.40601504,87.59398496,323,322,266,33,233,0,0,0,233,0,0,233,0,0,0,0,gRNA_14104
Reference,15.55555556,84.44444444,1149,1014,45,7,38,0,7,6,38,0,0,31,0,1,0,6,gRNA_14105
HDR,0.51599587,99.48400413,1149,1014,969,5,964,0,0,9,963,0,1,955,0,0,8,0,gRNA_14105
Reference,0.0,100.0,446,446,445,0,445,0,41,7,445,0,0,397,0,41,7,0,gRNA_14106
HDR,,,446,446,0,0,0,0,0,0,0,0,0,0,0,0,0,0,gRNA_14106
Reference,0.0,100.0,47,46,7,0,7,0,0,0,7,0,0,7,0,0,0,0,gRNA_14107
HDR,41.02564103,58.97435897,47,46,39,16,23,0,0,0,23,0,0,23,0,0,0,0,gRNA_14107
Reference,3.50877193,96.49122807,340,340,114,4,110,0,0,1,109,0,1,109,0,0,0,0,gRNA_14108
HDR,31.11111111,68.88888889,340,340,225,70,155,0,0,1,155,0,0,154,0,0,1,0,gRNA_14108
Reference,3.57142857,96.42857143,863,855,112,4,108,0,0,27,84,0,24,81,0,0,3,0,gRNA_14109
HDR,41.0326087,58.9673913,863,855,736,302,434,0,49,3,420,12,2,382,0,37,1,0,gRNA_14109
Reference,6.83229814,93.16770186,2049,2020,322,22,300,0,67,91,182,30,88,143,0,36,2,1,gRNA_14110
HDR,31.19103774,68.80896226,2049,2020,1696,529,1167,0,0,8,1163,0,4,1159,0,0,4,0,gRNA_14110
Reference,24.17582418,75.82417582,206,191,182,44,138,0,0,0,138,0,0,138,0,0,0,0,gRNA_14111
HDR,77.77777778,22.22222222,206,191,9,7,2,0,0,0,2,0,0,2,0,0,0,0,gRNA_14111
Reference,12.5284738,87.4715262,1145,1143,439,55,384,0,25,6,373,11,0,355,0,12,4,2,gRNA_14112
HDR,0.29585799,99.70414201,1145,1143,676,2,674,0,23,6,652,21,1,645,0,2,5,0,gRNA_14112
Reference,3.7037037,96.2962963,54,54,54,2,52,0,0,1,52,0,0,51,0,0,1,0,gRNA_14113
HDR,,,54,54,0,0,0,0,0,0,0,0,0,0,0,0,0,0,gRNA_14113
Reference,2.7027027,97.2972973,37,37,37,1,36,0,0,0,36,0,0,36,0,0,0,0,gRNA_14114
HDR,,,37,37,0,0,0,0,0,0,0,0,0,0,0,0,0,0,gRNA_14114
Reference,0.0,100.0,10,10,10,0,10,0,0,0,10,0,0,10,0,0,0,0,gRNA_14115
HDR,,,10,10,0,0,0,0,0,0,0,0,0,0,0,0,0,0,gRNA_14115
Reference,0.24691358,99.75308642,446,446,405,1,404,0,0,0,404,0,0,404,0,0,0,0,gRNA_14116
HDR,0.0,100.0,446,446,12,0,12,0,0,0,12,0,0,12,0,0,0,0,gRNA_14116
Reference,0.34129693,99.65870307,327,327,293,1,292,0,4,0,290,2,0,288,0,2,0,0,gRNA_14117
HDR,35.48387097,64.51612903,327,327,31,11,20,0,0,0,20,0,0,20,0,0,0,0,gRNA_14117
Reference,2.63157895,97.36842105,148,148,38,1,37,0,2,8,30,0,5,29,2,0,1,0,gRNA_14118
HDR,31.81818182,68.18181818,148,148,110,35,75,0,0,2,74,0,1,73,0,0,1,0,gRNA_14118
Reference,54.30822255,45.69177745,2034,2034,2031,1103,928,0,0,9,922,0,6,919,0,0,3,0,gRNA_14119
HDR,50.0,50.0,2034,2034,2,1,1,0,0,0,1,0,0,1,0,0,0,0,gRNA_14119
Reference,72.22222222,27.77777778,26,26,18,13,5,0,0,0,5,0,0,5,0,0,0,0,gRNA_14120
HDR,0.0,100.0,26,26,8,0,8,0,0,2,8,0,0,6,0,0,2,0,gRNA_14120
Reference,72.72727273,27.27272727,19,18,11,8,3,0,0,1,2,0,1,2,0,0,0,0,gRNA_14121
HDR,57.14285714,42.85714286,19,18,7,4,3,0,0,0,3,0,0,3,0,0,0,0,gRNA_14121
Reference,48.7804878,51.2195122,82,82,82,40,42,0,0,0,42,0,0,42,0,0,0,0,gRNA_14122
HDR,,,82,82,0,0,0,0,0,0,0,0,0,0,0,0,0,0,gRNA_14122
Reference,0.86526576,99.13473424,843,841,809,7,802,0,1,4,798,1,3,797,0,0,1,0,gRNA_14123
HDR,25.0,75.0,843,841,16,4,12,0,0,0,12,0,0,12,0,0,0,0,gRNA_14123
Reference,0.64766839,99.35233161,782,774,772,5,767,0,10,121,678,2,87,636,0,8,34,0,gRNA_14124
HDR,0.0,100.0,782,774,1,0,1,0,0,0,1,0,0,1,0,0,0,0,gRNA_14124
Reference,32.7510917,67.2489083,889,625,458,150,308,0,0,0,308,0,0,308,0,0,0,0,gRNA_14125
HDR,0.0,100.0,889,625,167,0,167,0,0,0,167,0,0,167,0,0,0,0,gRNA_14125
Reference,32.11169284,67.88830716,1161,1161,1146,368,778,0,0,1,777,0,1,777,0,0,0,0,gRNA_14126
HDR,0.0,100.0,1161,1161,12,0,12,0,0,0,12,0,0,12,0,0,0,0,gRNA_14126
Reference,0.0,100.0,1941,1935,1282,0,1282,0,0,33,1280,0,2,1249,0,0,31,0,gRNA_14127
HDR,1.07526882,98.92473118,1941,1935,651,7,644,0,0,3,644,0,0,641,0,0,3,0,gRNA_14127
Reference,3.52453352,96.47546648,1496,1494,1447,51,1396,0,53,6,1391,1,4,1337,0,52,2,0,gRNA_14128
HDR,0.0,100.0,1496,1494,45,0,45,0,0,0,45,0,0,45,0,0,0,0,gRNA_14128
Reference,2.67639903,97.32360097,2372,2366,822,22,800,0,8,4,794,4,2,788,0,4,2,0,gRNA_14129
HDR,3.81097561,96.18902439,2372,2366,1312,50,1262,0,0,5,1260,0,2,1257,0,0,3,0,gRNA_14129
Reference,0.0,100.0,368,368,319,0,319,0,4,2,314,4,1,313,0,0,1,0,gRNA_14130
HDR,0.0,100.0,368,368,49,0,49,0,0,2,49,0,0,47,0,0,2,0,gRNA_14130
Reference,0.0,100.0,125,125,19,0,19,0,0,0,19,0,0,19,0,0,0,0,gRNA_14131
HDR,4.71698113,95.28301887,125,125,106,5,101,0,0,1,101,0,0,100,0,0,1,0,gRNA_14131
Reference,0.0,100.0,1168,1168,1085,0,1085,0,2,7,1085,0,0,1076,0,2,7,0,gRNA_14132
HDR,0.0,100.0,1168,1168,83,0,83,0,0,1,83,0,0,82,0,0,1,0,gRNA_14132
Reference,9.50226244,90.49773756,744,732,442,42,400,0,0,3,398,0,2,397,0,0,1,0,gRNA_14133
HDR,64.58333333,35.41666667,744,732,288,186,102,0,2,0,102,0,0,100,0,2,0,0,gRNA_14133
Reference,21.91371209,78.08628791,2654,2654,2341,513,1828,0,0,4,1825,0,3,1824,0,0,1,0,gRNA_14134
HDR,52.58064516,47.41935484,2654,2654,310,163,147,0,0,0,147,0,0,147,0,0,0,0,gRNA_14134
Reference,17.64705882,82.35294118,79,79,51,9,42,0,0,0,42,0,0,42,0,0,0,0,gRNA_14135
HDR,32.14285714,67.85714286,79,79,28,9,19,0,0,0,19,0,0,19,0,0,0,0,gRNA_14135
Reference,49.32432432,50.67567568,149,149,148,73,75,0,1,1,75,0,0,74,0,0,0,1,gRNA_14136
HDR,,,149,149,0,0,0,0,0,0,0,0,0,0,0,0,0,0,gRNA_14136
Reference,29.41176471,70.58823529,52,52,51,15,36,0,0,0,36,0,0,36,0,0,0,0,gRNA_14137
HDR,0.0,100.0,52,52,1,0,1,0,0,0,1,0,0,1,0,0,0,0,gRNA_14137
Reference,37.69751693,62.30248307,1389,1389,443,167,276,0,76,2,268,7,1,199,0,68,0,1,gRNA_14138
HDR,69.82857143,30.17142857,1389,1389,875,611,264,0,0,3,261,0,3,261,0,0,0,0,gRNA_14138
Reference,0.4784689,99.5215311,303,303,209,1,208,0,33,33,198,1,0,174,9,0,1,23,gRNA_14139
HDR,0.0,100.0,303,303,94,0,94,0,0,0,94,0,0,94,0,0,0,0,gRNA_14139
Reference,3.94218134,96.05781866,5412,5412,761,30,731,0,0,116,623,0,108,615,0,0,8,0,gRNA_14140
HDR,29.93256472,70.06743528,5412,5412,4597,1376,3221,0,1,111,3139,1,81,3109,0,0,30,0,gRNA_14140
Reference,73.68421053,26.31578947,1269,1247,19,14,5,0,0,0,5,0,0,5,0,0,0,0,gRNA_14141
HDR,73.65415987,26.34584013,1269,1247,1226,903,323,0,1,5,321,0,2,317,0,1,3,0,gRNA_14141
Reference,0.0,100.0,357,357,11,0,11,0,0,0,11,0,0,11,0,0,0,0,gRNA_14142
HDR,0.0,100.0,357,357,275,0,275,0,0,0,275,0,0,275,0,0,0,0,gRNA_14142
Reference,0.0,100.0,173,173,18,0,18,0,15,0,17,1,0,3,0,14,0,0,gRNA_14143
HDR,0.0,100.0,173,173,124,0,124,0,0,1,123,0,1,123,0,0,0,0,gRNA_14143
Reference,0.0,100.0,555,555,37,0,37,0,0,1,36,0,1,36,0,0,0,0,gRNA_14144
HDR,0.0,100.0,555,555,518,0,518,0,0,4,518,0,0,514,0,0,4,0,gRNA_14144
Reference,0.0,100.0,1470,1468,969,0,969,0,0,8,969,0,0,961,0,0,8,0,gRNA_14145
HDR,0.0,100.0,1470,1468,498,0,498,0,0,4,498,0,0,494,0,0,4,0,gRNA_14145
Reference,5.64971751,94.35028249,177,177,177,10,167,0,1,34,138,0,29,132,0,1,5,0,gRNA_14146
HDR,,,177,177,0,0,0,0,0,0,0,0,0,0,0,0,0,0,gRNA_14146
Reference,7.55885998,92.44114002,1747,1666,1614,122,1492,0,0,21,1472,0,20,1471,0,0,1,0,gRNA_14147
HDR,0.0,100.0,1747,1666,51,0,51,0,0,1,50,0,1,50,0,0,0,0,gRNA_14147
Reference,23.07692308,76.92307692,79,79,78,18,60,0,0,0,60,0,0,60,0,0,0,0,gRNA_14148
HDR,,,79,79,0,0,0,0,0,0,0,0,0,0,0,0,0,0,gRNA_14148
Reference,0.0,100.0,53,53,3,0,3,0,0,0,3,0,0,3,0,0,0,0,gRNA_14149
HDR,0.0,100.0,53,53,40,0,40,0,0,0,40,0,0,40,0,0,0,0,gRNA_14149
Reference,0.0,100.0,104,104,101,0,101,0,1,0,101,0,0,100,0,1,0,0,gRNA_14150
HDR,33.33333333,66.66666667,104,104,3,1,2,0,0,0,2,0,0,2,0,0,0,0,gRNA_14150
Reference,0.0,100.0,543,515,8,0,8,0,0,7,1,0,7,1,0,0,0,0,gRNA_14151
HDR,24.85089463,75.14910537,543,515,503,125,378,0,0,1,378,0,0,377,0,0,1,0,gRNA_14151
Reference,11.21856867,88.78143133,1046,1043,1034,116,918,0,0,5,915,0,3,913,0,0,2,0,gRNA_14152
HDR,66.66666667,33.33333333,1046,1043,9,6,3,0,0,1,2,0,1,2,0,0,0,0,gRNA_14152
Reference,45.76271186,54.23728814,129,129,118,54,64,0,0,1,63,0,1,63,0,0,0,0,gRNA_14153
HDR,55.55555556,44.44444444,129,129,9,5,4,0,0,0,4,0,0,4,0,0,0,0,gRNA_14153
Reference,4.41176471,95.58823529,624,624,68,3,65,0,1,1,65,0,0,63,0,1,1,0,gRNA_14154
HDR,48.64864865,51.35135135,624,624,555,270,285,0,1,4,283,0,1,281,1,0,2,0,gRNA_14154
Reference,6.26349892,93.73650108,612,609,463,29,434,0,27,379,55,11,361,35,7,9,11,0,gRNA_14155
HDR,73.97260274,26.02739726,612,609,146,108,38,0,0,1,37,0,1,37,0,0,0,0,gRNA_14155
Reference,17.5257732,82.4742268,761,760,291,51,240,0,13,14,228,0,0,226,12,0,1,1,gRNA_14156
HDR,0.42826552,99.57173448,761,760,467,2,465,0,0,2,465,0,0,463,0,0,2,0,gRNA_14156
Reference,1.86335404,98.13664596,523,523,483,9,474,0,0,5,472,0,2,469,0,0,3,0,gRNA_14157
HDR,15.38461538,84.61538462,523,523,39,6,33,0,0,0,33,0,0,33,0,0,0,0,gRNA_14157
Reference,0.0,100.0,1434,1310,306,0,306,0,27,0,284,22,0,279,0,5,0,0,gRNA_14158
HDR,0.0997009,99.9002991,1434,1310,1003,1,1002,0,11,4,991,11,0,987,0,0,4,0,gRNA_14158
Reference,0.902379,99.097621,2210,2164,1219,11,1208,0,0,118,1106,0,102,1090,0,0,16,0,gRNA_14159
HDR,0.0,100.0,2210,2164,941,0,941,0,0,3,941,0,0,938,0,0,3,0,gRNA_14159
Reference,0.0,100.0,765,765,764,0,764,0,0,3,764,0,0,761,0,0,3,0,gRNA_14160
HDR,0.0,100.0,765,765,1,0,1,0,0,0,1,0,0,1,0,0,0,0,gRNA_14160
Reference,0.0,100.0,445,445,6,0,6,0,0,0,6,0,0,6,0,0,0,0,gRNA_14161
HDR,0.0,100.0,445,445,422,0,422,0,0,0,422,0,0,422,0,0,0,0,gRNA_14161
Reference,1.37931034,98.62068966,290,262,145,2,143,0,0,0,143,0,0,143,0,0,0,0,gRNA_14162
HDR,7.69230769,92.30769231,290,262,117,9,108,0,0,1,107,0,1,107,0,0,0,0,gRNA_14162
Reference,0.44247788,99.55752212,263,263,226,1,225,0,3,1,224,0,1,221,0,3,0,0,gRNA_14163
HDR,10.81081081,89.18918919,263,263,37,4,33,0,0,0,33,0,0,33,0,0,0,0,gRNA_14163
Reference,0.11904762,99.88095238,2474,2467,840,1,839,0,116,12,750,84,0,716,5,27,7,0,gRNA_14164
HDR,0.0,100.0,2474,2467,613,0,613,0,6,31,601,1,11,576,0,5,20,0,gRNA_14164
Reference,3.84615385,96.15384615,266,266,26,1,25,0,0,1,24,0,1,24,0,0,0,0,gRNA_14165
HDR,43.69747899,56.30252101,266,266,238,104,134,0,0,0,134,0,0,134,0,0,0,0,gRNA_14165
Reference,43.56435644,56.43564356,627,609,303,132,171,0,22,6,170,1,0,143,0,21,6,0,gRNA_14166
HDR,31.04575163,68.95424837,627,609,306,95,211,0,73,0,211,0,0,138,0,73,0,0,gRNA_14166
Reference,43.14516129,56.85483871,3130,3130,744,321,423,0,0,1,422,0,1,422,0,0,0,0,gRNA_14167
HDR,74.6971109,25.3028891,3130,3130,2146,1603,543,0,0,8,537,0,6,535,0,0,2,0,gRNA_14167
Reference,4.05405405,95.94594595,1431,865,74,3,71,0,23,42,14,17,40,6,0,6,2,0,gRNA_14168
HDR,15.29709229,84.70290771,1431,865,791,121,670,0,0,5,668,0,2,665,0,0,3,0,gRNA_14168
Reference,0.0,100.0,6217,5896,144,0,144,0,0,1,144,0,0,143,0,0,1,0,gRNA_14169
HDR,0.01806032,99.98193968,6217,5896,5537,1,5536,0,1,31,5535,0,1,5504,0,1,30,0,gRNA_14169
Reference,0.0,100.0,1,1,1,0,1,0,0,0,1,0,0,1,0,0,0,0,gRNA_14170
HDR,,,1,1,0,0,0,0,0,0,0,0,0,0,0,0,0,0,gRNA_14170
Reference,0.0,100.0,1974,1974,44,0,44,0,0,0,44,0,0,44,0,0,0,0,gRNA_14171
HDR,4.62337662,95.37662338,1974,1974,1925,89,1836,0,0,10,1836,0,0,1826,0,0,10,0,gRNA_14171
Reference,0.0,0.0,0,0,0,0,0,0,0,0,0,0,0,0,0,0,0,0,gRNA_14172
HDR,0.0,0.0,0,0,0,0,0,0,0,0,0,0,0,0,0,0,0,0,gRNA_14172
Reference,0.0,100.0,275,275,274,0,274,0,0,141,274,0,0,133,0,0,141,0,gRNA_14173
HDR,,,275,275,0,0,0,0,0,0,0,0,0,0,0,0,0,0,gRNA_14173
Reference,8.95036615,91.04963385,1235,1234,1229,110,1119,0,0,6,1117,0,2,1113,0,0,4,0,gRNA_14174
HDR,,,1235,1234,0,0,0,0,0,0,0,0,0,0,0,0,0,0,gRNA_14174
Reference,29.5813315,70.4186685,1458,1458,1457,431,1026,0,0,6,1020,0,6,1020,0,0,0,0,gRNA_14175
HDR,0.0,100.0,1458,1458,1,0,1,0,0,0,1,0,0,1,0,0,0,0,gRNA_14175
Reference,50.0,50.0,6,6,6,3,3,0,0,0,3,0,0,3,0,0,0,0,gRNA_14176
HDR,,,6,6,0,0,0,0,0,0,0,0,0,0,0,0,0,0,gRNA_14176
Reference,11.81102362,88.18897638,135,135,127,15,112,0,8,7,106,0,0,104,6,1,0,1,gRNA_14177
HDR,28.57142857,71.42857143,135,135,7,2,5,0,0,0,5,0,0,5,0,0,0,0,gRNA_14177
Reference,1.10701107,98.89298893,3864,3864,542,6,536,0,0,3,536,0,0,533,0,0,3,0,gRNA_14178
HDR,13.66687004,86.33312996,3864,3864,3278,448,2830,0,0,11,2825,0,5,2819,0,0,6,0,gRNA_14178
Reference,14.28571429,85.71428571,44,43,14,2,12,0,0,0,12,0,0,12,0,0,0,0,gRNA_14179
HDR,0.0,100.0,44,43,29,0,29,0,0,0,29,0,0,29,0,0,0,0,gRNA_14179
Reference,76.0,24.0,256,256,25,19,6,0,0,1,6,0,0,5,0,0,1,0,gRNA_14180
HDR,0.0,100.0,256,256,231,0,231,0,0,0,231,0,0,231,0,0,0,0,gRNA_14180
Reference,51.11111111,48.88888889,229,200,45,23,22,0,13,13,9,0,0,9,13,0,0,0,gRNA_14181
HDR,55.84415584,44.15584416,229,200,154,86,68,0,0,1,68,0,0,67,0,0,1,0,gRNA_14181
Reference,0.0,100.0,2973,2955,15,0,15,0,5,0,14,1,0,10,0,4,0,0,gRNA_14182
HDR,44.15675297,55.84324703,2973,2955,2858,1262,1596,0,4,15,1584,1,11,1579,0,1,2,2,gRNA_14182
Reference,1.04166667,98.95833333,1264,1262,480,5,475,0,1,1,473,1,1,473,0,0,0,0,gRNA_14183
HDR,39.07455013,60.92544987,1264,1262,778,304,474,0,0,7,467,0,7,467,0,0,0,0,gRNA_14183
Reference,1.2962963,98.7037037,2590,2587,540,7,533,0,0,5,533,0,0,528,0,0,5,0,gRNA_14184
HDR,56.3484252,43.6515748,2590,2587,2032,1145,887,0,0,12,879,0,8,875,0,0,4,0,gRNA_14184
Reference,4.65549348,95.34450652,574,574,537,25,512,0,0,1,512,0,0,511,0,0,1,0,gRNA_14185
HDR,47.22222222,52.77777778,574,574,36,17,19,0,0,0,19,0,0,19,0,0,0,0,gRNA_14185
Reference,0.14836795,99.85163205,728,728,674,1,673,0,5,2,672,1,0,666,0,4,2,0,gRNA_14186
HDR,0.0,100.0,728,728,44,0,44,0,0,0,44,0,0,44,0,0,0,0,gRNA_14186
Reference,0.35714286,99.64285714,449,441,280,1,279,0,0,1,279,0,0,278,0,0,1,0,gRNA_14187
HDR,4.34782609,95.65217391,449,441,161,7,154,0,0,1,153,0,1,153,0,0,0,0,gRNA_14187
Reference,7.72058824,92.27941176,500,500,272,21,251,0,0,1,250,0,1,250,0,0,0,0,gRNA_14188
HDR,15.48672566,84.51327434,500,500,226,35,191,0,0,0,191,0,0,191,0,0,0,0,gRNA_14188
Reference,0.0,100.0,789,789,1,0,1,0,0,0,1,0,0,1,0,0,0,0,gRNA_14189
HDR,16.11675127,83.88324873,789,789,788,127,661,0,0,3,660,0,1,658,0,0,2,0,gRNA_14189
Reference,46.26865672,53.73134328,627,627,134,62,72,0,0,1,71,0,1,71,0,0,0,0,gRNA_14190
HDR,42.55319149,57.44680851,627,627,423,180,243,0,0,1,243,0,0,242,0,0,1,0,gRNA_14190
Reference,7.3279714,92.6720286,1176,1161,1119,82,1037,0,0,2,1036,0,1,1035,0,0,1,0,gRNA_14191
HDR,10.0,90.0,1176,1161,40,4,36,0,0,1,35,0,1,35,0,0,0,0,gRNA_14191
Reference,,,262,262,0,0,0,0,0,0,0,0,0,0,0,0,0,0,gRNA_14192
HDR,0.0,100.0,262,262,195,0,195,0,0,4,192,0,3,191,0,0,1,0,gRNA_14192
Reference,0.0,100.0,19,19,12,0,12,0,0,1,11,0,1,11,0,0,0,0,gRNA_14193
HDR,0.0,100.0,19,19,7,0,7,0,0,0,7,0,0,7,0,0,0,0,gRNA_14193
Reference,34.46327684,65.53672316,378,376,354,122,232,0,0,1,232,0,0,231,0,0,1,0,gRNA_14194
HDR,5.26315789,94.73684211,378,376,19,1,18,0,0,15,18,0,0,3,0,0,15,0,gRNA_14194
Reference,52.66666667,47.33333333,152,152,150,79,71,0,0,0,71,0,0,71,0,0,0,0,gRNA_14195
HDR,,,152,152,0,0,0,0,0,0,0,0,0,0,0,0,0,0,gRNA_14195
Reference,13.72212693,86.27787307,694,694,583,80,503,0,0,44,459,0,44,459,0,0,0,0,gRNA_14196
HDR,19.09090909,80.90909091,694,694,110,21,89,0,0,0,89,0,0,89,0,0,0,0,gRNA_14196
Reference,0.0,100.0,73,73,64,0,64,0,0,0,64,0,0,64,0,0,0,0,gRNA_14197
HDR,0.0,100.0,73,73,7,0,7,0,0,0,7,0,0,7,0,0,0,0,gRNA_14197
Reference,41.13842173,58.86157827,2446,2433,773,318,455,0,16,1,442,13,0,439,0,2,0,1,gRNA_14198
HDR,56.87575392,43.12424608,2446,2433,1658,943,715,0,0,5,711,0,4,710,0,0,1,0,gRNA_14198
Reference,1.64835165,98.35164835,548,548,546,9,537,0,0,0,537,0,0,537,0,0,0,0,gRNA_14199
HDR,,,548,548,0,0,0,0,0,0,0,0,0,0,0,0,0,0,gRNA_14199
Reference,11.14982578,88.85017422,297,297,287,32,255,0,0,0,255,0,0,255,0,0,0,0,gRNA_14200
HDR,33.33333333,66.66666667,297,297,9,3,6,0,0,0,6,0,0,6,0,0,0,0,gRNA_14200
Reference,43.05555556,56.94444444,549,549,216,93,123,0,2,1,122,0,0,121,1,1,0,0,gRNA_14201
HDR,66.78321678,33.21678322,549,549,286,191,95,0,0,3,93,0,2,92,0,0,1,0,gRNA_14201
Reference,12.29508197,87.70491803,303,270,244,30,214,0,0,0,214,0,0,214,0,0,0,0,gRNA_14202
HDR,7.69230769,92.30769231,303,270,26,2,24,0,0,0,24,0,0,24,0,0,0,0,gRNA_14202
Reference,5.76208178,94.23791822,1170,1170,538,31,507,0,0,4,507,0,0,503,0,0,4,0,gRNA_14203
HDR,4.61049285,95.38950715,1170,1170,629,29,600,0,0,9,592,0,8,591,0,0,1,0,gRNA_14203
Reference,0.0,100.0,522,522,378,0,378,0,0,4,377,0,1,374,0,0,3,0,gRNA_14204
HDR,1.17647059,98.82352941,522,522,85,1,84,0,0,1,83,0,1,83,0,0,0,0,gRNA_14204
Reference,3.92670157,96.07329843,1174,886,764,30,734,0,0,2,734,0,0,732,0,0,2,0,gRNA_14205
HDR,0.0,100.0,1174,886,120,0,120,0,0,1,119,0,1,119,0,0,0,0,gRNA_14205
Reference,37.20930233,62.79069767,277,277,172,64,108,0,0,1,108,0,0,107,0,0,1,0,gRNA_14206
HDR,0.0,100.0,277,277,95,0,95,0,0,0,95,0,0,95,0,0,0,0,gRNA_14206
Reference,12.60504202,87.39495798,239,239,238,30,208,0,1,0,207,1,0,207,0,0,0,0,gRNA_14207
HDR,0.0,100.0,239,239,1,0,1,0,0,0,1,0,0,1,0,0,0,0,gRNA_14207
Reference,4.89913545,95.10086455,349,349,347,17,330,0,0,2,328,0,2,328,0,0,0,0,gRNA_14208
HDR,0.0,100.0,349,349,1,0,1,0,0,0,1,0,0,1,0,0,0,0,gRNA_14208
Reference,6.42570281,93.57429719,734,653,498,32,466,0,39,0,438,28,0,427,0,11,0,0,gRNA_14209
HDR,0.0,100.0,734,653,154,0,154,0,0,0,154,0,0,154,0,0,0,0,gRNA_14209
Reference,20.18072289,79.81927711,332,332,332,67,265,0,0,1,264,0,1,264,0,0,0,0,gRNA_14210
HDR,,,332,332,0,0,0,0,0,0,0,0,0,0,0,0,0,0,gRNA_14210
Reference,18.51851852,81.48148148,47,47,27,5,22,0,0,0,22,0,0,22,0,0,0,0,gRNA_14211
HDR,0.0,100.0,47,47,20,0,20,0,0,0,20,0,0,20,0,0,0,0,gRNA_14211
Reference,10.0,90.0,385,385,10,1,9,0,0,0,9,0,0,9,0,0,0,0,gRNA_14212
HDR,0.0,100.0,385,385,375,0,375,0,0,2,375,0,0,373,0,0,2,0,gRNA_14212
Reference,50.0,50.0,128,128,8,4,4,0,0,0,4,0,0,4,0,0,0,0,gRNA_14213
HDR,2.5,97.5,128,128,120,3,117,0,0,0,117,0,0,117,0,0,0,0,gRNA_14213
Reference,0.0,100.0,712,712,292,0,292,0,2,1,291,1,0,289,0,1,1,0,gRNA_14214
HDR,0.0,100.0,712,712,418,0,418,0,0,0,418,0,0,418,0,0,0,0,gRNA_14214
Reference,0.0,100.0,1398,1398,67,0,67,0,0,13,56,0,11,54,0,0,2,0,gRNA_14215
HDR,2.70880361,97.29119639,1398,1398,1329,36,1293,0,0,7,1293,0,0,1286,0,0,7,0,gRNA_14215
Reference,0.0,100.0,388,374,55,0,55,0,0,0,55,0,0,55,0,0,0,0,gRNA_14216
HDR,4.16666667,95.83333333,388,374,168,7,161,0,0,0,161,0,0,161,0,0,0,0,gRNA_14216
Reference,60.0,40.0,45,45,25,15,10,0,0,0,10,0,0,10,0,0,0,0,gRNA_14217
HDR,66.66666667,33.33333333,45,45,6,4,2,0,0,0,2,0,0,2,0,0,0,0,gRNA_14217
Reference,100.0,0.0,16,14,4,4,0,0,0,0,0,0,0,0,0,0,0,0,gRNA_14218
HDR,70.0,30.0,16,14,10,7,3,0,0,0,3,0,0,3,0,0,0,0,gRNA_14218
Reference,82.75862069,17.24137931,58,58,58,48,10,0,0,0,10,0,0,10,0,0,0,0,gRNA_14219
HDR,,,58,58,0,0,0,0,0,0,0,0,0,0,0,0,0,0,gRNA_14219
Reference,10.83249749,89.16750251,1231,1213,997,108,889,0,0,4,886,0,3,885,0,0,1,0,gRNA_14220
HDR,0.9478673,99.0521327,1231,1213,211,2,209,0,0,0,209,0,0,209,0,0,0,0,gRNA_14220
Reference,28.0431433,71.9568567,690,690,649,182,467,0,5,4,461,3,3,458,0,2,1,0,gRNA_14221
HDR,2.56410256,97.43589744,690,690,39,1,38,0,0,0,38,0,0,38,0,0,0,0,gRNA_14221
Reference,0.04312204,99.95687796,4222,4222,2319,1,2318,0,266,48,2210,89,1,2022,18,159,29,0,gRNA_14222
HDR,9.0080429,90.9919571,4222,4222,1865,168,1697,0,0,11,1693,0,4,1686,0,0,7,0,gRNA_14222
Reference,2.0,98.0,1012,681,50,1,49,0,0,3,47,0,2,46,0,0,1,0,gRNA_14223
HDR,0.79744817,99.20255183,1012,681,627,5,622,0,30,4,621,0,1,588,0,30,3,0,gRNA_14223
Reference,45.0,55.0,159,159,120,54,66,0,0,0,66,0,0,66,0,0,0,0,gRNA_14224
HDR,23.68421053,76.31578947,159,159,38,9,29,0,0,0,29,0,0,29,0,0,0,0,gRNA_14224
Reference,37.5,62.5,63,63,8,3,5,0,2,0,3,2,0,3,0,0,0,0,gRNA_14225
HDR,67.27272727,32.72727273,63,63,55,37,18,0,0,1,17,0,1,17,0,0,0,0,gRNA_14225
Reference,0.0,100.0,1181,1173,148,0,148,0,66,0,148,0,0,82,0,66,0,0,gRNA_14226
HDR,9.26829268,90.73170732,1181,1173,1025,95,930,0,0,0,930,0,0,930,0,0,0,0,gRNA_14226
Reference,0.0,100.0,67,51,27,0,27,0,9,1,26,0,0,18,1,8,0,0,gRNA_14227
HDR,20.83333333,79.16666667,67,51,24,5,19,0,0,0,19,0,0,19,0,0,0,0,gRNA_14227
Reference,0.0,100.0,430,359,44,0,44,0,5,5,39,0,0,39,5,0,0,0,gRNA_14228
HDR,8.49673203,91.50326797,430,359,306,26,280,0,0,1,279,0,1,279,0,0,0,0,gRNA_14228
Reference,0.0,100.0,124,124,103,0,103,0,3,1,102,0,1,99,0,3,0,0,gRNA_14229
HDR,55.0,45.0,124,124,20,11,9,0,0,0,9,0,0,9,0,0,0,0,gRNA_14229
Reference,0.0,100.0,15,15,4,0,4,0,0,0,4,0,0,4,0,0,0,0,gRNA_14230
HDR,72.72727273,27.27272727,15,15,11,8,3,0,0,0,3,0,0,3,0,0,0,0,gRNA_14230
Reference,0.0,100.0,331,291,41,0,41,0,3,0,39,2,0,38,0,1,0,0,gRNA_14231
HDR,2.39520958,97.60479042,331,291,167,4,163,0,0,1,163,0,0,162,0,0,1,0,gRNA_14231
Reference,22.69712601,77.30287399,1395,1395,1357,308,1049,0,11,109,946,2,92,938,9,0,8,0,gRNA_14232
HDR,25.71428571,74.28571429,1395,1395,35,9,26,0,0,0,26,0,0,26,0,0,0,0,gRNA_14232
Reference,0.0,100.0,980,980,255,0,255,0,18,208,200,15,39,31,1,1,167,1,gRNA_14233
HDR,3.45781466,96.54218534,980,980,723,25,698,0,0,0,698,0,0,698,0,0,0,0,gRNA_14233
Reference,0.0,100.0,494,236,50,0,50,0,5,5,50,0,0,45,0,0,0,5,gRNA_14234
HDR,2.74725275,97.25274725,494,236,182,5,177,0,18,0,177,0,0,159,0,18,0,0,gRNA_14234
Reference,0.0,100.0,975,975,22,0,22,0,0,0,22,0,0,22,0,0,0,0,gRNA_14235
HDR,40.10526316,59.89473684,975,975,950,381,569,0,0,5,565,0,4,564,0,0,1,0,gRNA_14235
Reference,20.1754386,79.8245614,573,572,114,23,91,0,1,1,90,0,0,90,1,0,0,0,gRNA_14236
HDR,67.91208791,32.08791209,573,572,455,309,146,0,0,0,146,0,0,146,0,0,0,0,gRNA_14236
Reference,72.22222222,27.77777778,276,275,144,104,40,0,7,0,33,7,0,33,0,0,0,0,gRNA_14237
HDR,84.73282443,15.26717557,276,275,131,111,20,0,0,1,19,0,1,19,0,0,0,0,gRNA_14237
Reference,5.98958333,94.01041667,496,496,384,23,361,0,0,3,358,0,3,358,0,0,0,0,gRNA_14238
HDR,2.85714286,97.14285714,496,496,35,1,34,0,0,0,34,0,0,34,0,0,0,0,gRNA_14238
Reference,3.125,96.875,197,197,32,1,31,0,8,0,29,2,0,23,0,6,0,0,gRNA_14239
HDR,12.57861635,87.42138365,197,197,159,20,139,0,0,0,139,0,0,139,0,0,0,0,gRNA_14239
Reference,54.37219731,45.62780269,1143,1131,892,485,407,0,1,7,402,0,4,400,1,0,2,0,gRNA_14240
HDR,62.26415094,37.73584906,1143,1131,159,99,60,0,0,0,60,0,0,60,0,0,0,0,gRNA_14240
Reference,61.18421053,38.81578947,268,262,152,93,59,0,6,5,56,0,1,51,2,3,1,1,gRNA_14241
HDR,62.03703704,37.96296296,268,262,108,67,41,0,3,0,41,0,0,38,0,3,0,0,gRNA_14241
Reference,25.0,75.0,841,120,24,6,18,0,5,1,18,0,0,13,0,4,0,1,gRNA_14242
HDR,64.44444444,35.55555556,841,120,90,58,32,0,2,0,32,0,0,30,0,2,0,0,gRNA_14242
Reference,71.42857143,28.57142857,22,22,7,5,2,0,0,0,2,0,0,2,0,0,0,0,gRNA_14243
HDR,66.66666667,33.33333333,22,22,15,10,5,0,0,0,5,0,0,5,0,0,0,0,gRNA_14243
Reference,24.5014245,75.4985755,371,371,351,86,265,0,0,2,264,0,1,263,0,0,1,0,gRNA_14244
HDR,0.0,100.0,371,371,9,0,9,0,0,0,9,0,0,9,0,0,0,0,gRNA_14244
Reference,2.43309002,97.56690998,1013,1012,411,10,401,0,35,33,401,0,0,366,0,2,0,33,gRNA_14245
HDR,8.84808013,91.15191987,1013,1012,599,53,546,0,1,3,546,0,0,542,0,1,3,0,gRNA_14245
Reference,0.0,100.0,208,208,141,0,141,0,0,1,141,0,0,140,0,0,1,0,gRNA_14246
HDR,0.0,100.0,208,208,55,0,55,0,0,0,55,0,0,55,0,0,0,0,gRNA_14246
Reference,23.33333333,76.66666667,34,34,30,7,23,0,0,0,23,0,0,23,0,0,0,0,gRNA_14247
HDR,0.0,100.0,34,34,4,0,4,0,0,0,4,0,0,4,0,0,0,0,gRNA_14247
Reference,0.0,0.0,0,0,0,0,0,0,0,0,0,0,0,0,0,0,0,0,gRNA_14248
HDR,0.0,0.0,0,0,0,0,0,0,0,0,0,0,0,0,0,0,0,0,gRNA_14248
Reference,1.13636364,98.86363636,396,396,352,4,348,0,25,29,321,0,2,319,25,0,2,0,gRNA_14249
HDR,37.20930233,62.79069767,396,396,43,16,27,0,0,0,27,0,0,27,0,0,0,0,gRNA_14249
Reference,2.85714286,97.14285714,634,623,70,2,68,0,3,0,68,0,0,65,0,3,0,0,gRNA_14250
HDR,1.62748644,98.37251356,634,623,553,9,544,0,0,1,543,0,1,543,0,0,0,0,gRNA_14250
Reference,50.66666667,49.33333333,77,77,75,38,37,0,0,1,37,0,0,36,0,0,1,0,gRNA_14251
HDR,50.0,50.0,77,77,2,1,1,0,0,0,1,0,0,1,0,0,0,0,gRNA_14251
Reference,14.44444444,85.55555556,90,90,90,13,77,0,0,0,77,0,0,77,0,0,0,0,gRNA_14252
HDR,,,90,90,0,0,0,0,0,0,0,0,0,0,0,0,0,0,gRNA_14252
Reference,0.39308176,99.60691824,3577,3362,1272,5,1267,0,2,1,1267,0,0,1264,0,2,1,0,gRNA_14253
HDR,0.0,100.0,3577,3362,2074,0,2074,0,0,3,2074,0,0,2071,0,0,3,0,gRNA_14253
Reference,2.43902439,97.56097561,71,71,41,1,40,0,40,1,2,38,0,0,0,1,0,1,gRNA_14254
HDR,50.0,50.0,71,71,30,15,15,0,0,0,15,0,0,15,0,0,0,0,gRNA_14254
Reference,7.47185261,92.52814739,1903,1900,977,73,904,0,1,3,903,1,0,900,0,0,3,0,gRNA_14255
HDR,0.10857763,99.89142237,1903,1900,921,1,920,0,0,4,920,0,0,916,0,0,4,0,gRNA_14255
Reference,32.75421564,67.24578436,4173,4173,3914,1282,2632,0,0,8,2627,0,5,2624,0,0,3,0,gRNA_14256
HDR,78.43137255,21.56862745,4173,4173,255,200,55,0,0,0,55,0,0,55,0,0,0,0,gRNA_14256
Reference,1.3986014,98.6013986,149,149,143,2,141,0,35,1,125,15,0,106,1,19,0,0,gRNA_14257
HDR,0.0,100.0,149,149,6,0,6,0,0,0,6,0,0,6,0,0,0,0,gRNA_14257
Reference,0.0,100.0,613,477,445,0,445,0,0,0,445,0,0,445,0,0,0,0,gRNA_14258
HDR,3.22580645,96.77419355,613,477,31,1,30,0,0,0,30,0,0,30,0,0,0,0,gRNA_14258
Reference,23.23232323,76.76767677,99,99,99,23,76,0,0,0,76,0,0,76,0,0,0,0,gRNA_14259
HDR,,,99,99,0,0,0,0,0,0,0,0,0,0,0,0,0,0,gRNA_14259
Reference,3.41296928,96.58703072,362,361,293,10,283,0,7,29,250,5,28,247,0,2,1,0,gRNA_14260
HDR,60.29411765,39.70588235,362,361,68,41,27,0,0,0,27,0,0,27,0,0,0,0,gRNA_14260
Reference,4.63917526,95.36082474,195,195,194,9,185,0,0,0,185,0,0,185,0,0,0,0,gRNA_14261
HDR,0.0,100.0,195,195,1,0,1,0,0,0,1,0,0,1,0,0,0,0,gRNA_14261
Reference,0.34965035,99.65034965,5034,4961,572,2,570,0,1,5,568,0,2,564,0,1,3,0,gRNA_14262
HDR,6.49878148,93.50121852,5034,4961,3693,240,3453,0,0,155,3313,0,140,3298,0,0,15,0,gRNA_14262
Reference,0.27466239,99.72533761,4901,4569,4369,12,4357,0,162,37,4278,57,22,4158,0,105,15,0,gRNA_14263
HDR,0.0,100.0,4901,4569,195,0,195,0,0,0,195,0,0,195,0,0,0,0,gRNA_14263
Reference,75.0,25.0,3460,1537,8,6,2,0,0,0,2,0,0,2,0,0,0,0,gRNA_14264
HDR,8.83507853,91.16492147,3460,1537,1528,135,1393,0,0,6,1391,0,2,1387,0,0,4,0,gRNA_14264
Reference,3.63636364,96.36363636,229,229,55,2,53,0,0,1,52,0,1,52,0,0,0,0,gRNA_14265
HDR,34.73053892,65.26946108,229,229,167,58,109,0,0,0,109,0,0,109,0,0,0,0,gRNA_14265
Reference,17.78846154,82.21153846,417,417,416,74,342,0,0,1,341,0,1,341,0,0,0,0,gRNA_14266
HDR,0.0,100.0,417,417,1,0,1,0,0,0,1,0,0,1,0,0,0,0,gRNA_14266
Reference,32.67045455,67.32954545,576,576,352,115,237,0,1,3,233,1,3,233,0,0,0,0,gRNA_14267
HDR,60.53811659,39.46188341,576,576,223,135,88,0,1,0,87,1,0,87,0,0,0,0,gRNA_14267
Reference,62.88343558,37.11656442,579,579,326,205,121,0,1,1,120,0,0,120,1,0,0,0,gRNA_14268
HDR,77.07509881,22.92490119,579,579,253,195,58,0,0,0,58,0,0,58,0,0,0,0,gRNA_14268
Reference,0.0,100.0,125,83,38,0,38,0,1,2,36,0,1,36,1,0,0,0,gRNA_14269
HDR,0.0,100.0,125,83,1,0,1,0,1,0,1,0,0,0,0,1,0,0,gRNA_14269
Reference,2.12765957,97.87234043,308,308,47,1,46,0,46,4,22,21,0,0,3,21,0,1,gRNA_14270
HDR,82.20338983,17.79661017,308,308,236,194,42,0,0,3,39,0,3,39,0,0,0,0,gRNA_14270
Reference,0.0,100.0,1430,1426,398,0,398,0,21,2,376,21,1,375,0,0,1,0,gRNA_14271
HDR,5.10805501,94.89194499,1430,1426,1018,52,966,0,67,79,898,0,4,887,64,0,8,3,gRNA_14271
Reference,0.0,100.0,5,5,5,0,5,0,0,0,5,0,0,5,0,0,0,0,gRNA_14272
HDR,,,5,5,0,0,0,0,0,0,0,0,0,0,0,0,0,0,gRNA_14272
Reference,0.0,100.0,2,2,2,0,2,0,0,0,2,0,0,2,0,0,0,0,gRNA_14273
HDR,,,2,2,0,0,0,0,0,0,0,0,0,0,0,0,0,0,gRNA_14273
Reference,0.0,0.0,0,0,0,0,0,0,0,0,0,0,0,0,0,0,0,0,gRNA_14274
HDR,0.0,0.0,0,0,0,0,0,0,0,0,0,0,0,0,0,0,0,0,gRNA_14274
Reference,0.0,0.0,0,0,0,0,0,0,0,0,0,0,0,0,0,0,0,0,gRNA_14275
HDR,0.0,0.0,0,0,0,0,0,0,0,0,0,0,0,0,0,0,0,0,gRNA_14275
Reference,59.28571429,40.71428571,718,718,280,166,114,0,0,1,113,0,1,113,0,0,0,0,gRNA_14276
HDR,70.43879908,29.56120092,718,718,433,305,128,0,0,2,126,0,2,126,0,0,0,0,gRNA_14276
Reference,11.60714286,88.39285714,959,959,896,104,792,0,0,7,785,0,7,785,0,0,0,0,gRNA_14277
HDR,7.93650794,92.06349206,959,959,63,5,58,0,0,0,58,0,0,58,0,0,0,0,gRNA_14277
Reference,22.50639386,77.49360614,1209,1176,391,88,303,0,1,2,302,0,0,301,1,0,1,0,gRNA_14278
HDR,71.42857143,28.57142857,1209,1176,784,560,224,0,0,2,223,0,1,222,0,0,1,0,gRNA_14278
Reference,60.15151515,39.84848485,1209,1209,660,397,263,0,0,3,261,0,2,260,0,0,1,0,gRNA_14279
HDR,72.65774379,27.34225621,1209,1209,523,380,143,0,0,1,142,0,1,142,0,0,0,0,gRNA_14279
Reference,0.0,100.0,291,290,239,0,239,0,12,1,239,0,0,226,0,12,1,0,gRNA_14280
HDR,0.0,100.0,291,290,51,0,51,0,0,0,51,0,0,51,0,0,0,0,gRNA_14280
Reference,23.69077307,76.30922693,1001,1000,401,95,306,0,20,96,299,0,2,206,5,4,78,11,gRNA_14281
HDR,44.33164129,55.66835871,1001,1000,591,262,329,0,0,0,329,0,0,329,0,0,0,0,gRNA_14281
Reference,1.32743363,98.67256637,407,407,226,3,223,0,0,1,222,0,1,222,0,0,0,0,gRNA_14282
HDR,0.0,100.0,407,407,181,0,181,0,0,0,181,0,0,181,0,0,0,0,gRNA_14282
Reference,56.0,44.0,59,59,25,14,11,0,0,0,11,0,0,11,0,0,0,0,gRNA_14283
HDR,32.35294118,67.64705882,59,59,34,11,23,0,0,3,23,0,0,20,0,0,3,0,gRNA_14283
Reference,78.37837838,21.62162162,370,370,370,290,80,0,0,3,78,0,2,77,0,0,1,0,gRNA_14284
HDR,,,370,370,0,0,0,0,0,0,0,0,0,0,0,0,0,0,gRNA_14284
Reference,79.06976744,20.93023256,47,47,43,34,9,0,0,0,9,0,0,9,0,0,0,0,gRNA_14285
HDR,0.0,100.0,47,47,4,0,4,0,0,0,4,0,0,4,0,0,0,0,gRNA_14285
Reference,15.19823789,84.80176211,455,455,454,69,385,0,0,0,385,0,0,385,0,0,0,0,gRNA_14286
HDR,,,455,455,0,0,0,0,0,0,0,0,0,0,0,0,0,0,gRNA_14286
Reference,41.3942497,58.6057503,2889,2889,2539,1051,1488,0,0,25,1483,0,5,1463,0,0,20,0,gRNA_14287
HDR,40.0,60.0,2889,2889,20,8,12,0,0,0,12,0,0,12,0,0,0,0,gRNA_14287
Reference,56.69205658,43.30794342,920,920,919,521,398,0,0,4,398,0,0,394,0,0,4,0,gRNA_14288
HDR,100.0,0.0,920,920,1,1,0,0,0,0,0,0,0,0,0,0,0,0,gRNA_14288
Reference,1.75438596,98.24561404,57,57,57,1,56,0,0,0,56,0,0,56,0,0,0,0,gRNA_14289
HDR,,,57,57,0,0,0,0,0,0,0,0,0,0,0,0,0,0,gRNA_14289
Reference,44.44444444,55.55555556,46,46,45,20,25,0,0,0,25,0,0,25,0,0,0,0,gRNA_14290
HDR,,,46,46,0,0,0,0,0,0,0,0,0,0,0,0,0,0,gRNA_14290
Reference,13.79310345,86.20689655,87,87,87,12,75,0,0,1,74,0,1,74,0,0,0,0,gRNA_14291
HDR,,,87,87,0,0,0,0,0,0,0,0,0,0,0,0,0,0,gRNA_14291
Reference,25.30864198,74.69135802,196,196,162,41,121,0,0,1,121,0,0,120,0,0,1,0,gRNA_14292
HDR,44.11764706,55.88235294,196,196,34,15,19,0,0,0,19,0,0,19,0,0,0,0,gRNA_14292
Reference,57.57575758,42.42424242,327,326,165,95,70,0,0,0,70,0,0,70,0,0,0,0,gRNA_14293
HDR,66.36363636,33.63636364,327,326,110,73,37,0,0,0,37,0,0,37,0,0,0,0,gRNA_14293
Reference,22.22222222,77.77777778,4668,4505,2493,554,1939,0,0,8,1934,0,5,1931,0,0,3,0,gRNA_14294
HDR,0.73469388,99.26530612,4668,4505,1225,9,1216,0,0,2,1216,0,0,1214,0,0,2,0,gRNA_14294
Reference,0.0,100.0,294,151,127,0,127,0,0,0,127,0,0,127,0,0,0,0,gRNA_14295
HDR,0.0,100.0,294,151,24,0,24,0,0,0,24,0,0,24,0,0,0,0,gRNA_14295
Reference,28.27868852,71.72131148,244,244,244,69,175,0,3,0,172,3,0,172,0,0,0,0,gRNA_14296
HDR,,,244,244,0,0,0,0,0,0,0,0,0,0,0,0,0,0,gRNA_14296
Reference,4.16666667,95.83333333,115,114,24,1,23,0,20,0,11,12,0,3,0,8,0,0,gRNA_14297
HDR,0.0,100.0,115,114,89,0,89,0,0,0,89,0,0,89,0,0,0,0,gRNA_14297
Reference,9.45121951,90.54878049,446,446,328,31,297,0,0,1,296,0,1,296,0,0,0,0,gRNA_14298
HDR,35.59322034,64.40677966,446,446,118,42,76,0,0,0,76,0,0,76,0,0,0,0,gRNA_14298
Reference,50.0,50.0,51,51,2,1,1,0,0,0,1,0,0,1,0,0,0,0,gRNA_14299
HDR,26.53061224,73.46938776,51,51,49,13,36,0,0,0,36,0,0,36,0,0,0,0,gRNA_14299
Reference,8.91089109,91.08910891,101,101,101,9,92,0,0,1,91,0,1,91,0,0,0,0,gRNA_14300
HDR,,,101,101,0,0,0,0,0,0,0,0,0,0,0,0,0,0,gRNA_14300
Reference,0.0,100.0,409,408,47,0,47,0,0,0,47,0,0,47,0,0,0,0,gRNA_14301
HDR,22.90502793,77.09497207,409,408,358,82,276,0,0,0,276,0,0,276,0,0,0,0,gRNA_14301
Reference,4.96014172,95.03985828,1512,1475,1129,56,1073,0,553,14,1056,17,0,506,0,536,14,0,gRNA_14302
HDR,17.36334405,82.63665595,1512,1475,311,54,257,0,1,0,257,0,0,256,0,1,0,0,gRNA_14302
Reference,33.33333333,66.66666667,9,9,9,3,6,0,0,0,6,0,0,6,0,0,0,0,gRNA_14303
HDR,,,9,9,0,0,0,0,0,0,0,0,0,0,0,0,0,0,gRNA_14303
Reference,30.81081081,69.18918919,185,185,185,57,128,0,0,0,128,0,0,128,0,0,0,0,gRNA_14304
HDR,,,185,185,0,0,0,0,0,0,0,0,0,0,0,0,0,0,gRNA_14304
Reference,52.38095238,47.61904762,24,22,21,11,10,0,0,0,10,0,0,10,0,0,0,0,gRNA_14305
HDR,0.0,100.0,24,22,1,0,1,0,0,0,1,0,0,1,0,0,0,0,gRNA_14305
Reference,47.05882353,52.94117647,17,17,17,8,9,0,0,0,9,0,0,9,0,0,0,0,gRNA_14306
HDR,,,17,17,0,0,0,0,0,0,0,0,0,0,0,0,0,0,gRNA_14306
Reference,0.0,100.0,385,385,1,0,1,0,0,0,1,0,0,1,0,0,0,0,gRNA_14307
HDR,0.78328982,99.21671018,385,385,383,3,380,0,0,4,380,0,0,376,0,0,4,0,gRNA_14307
Reference,25.25252525,74.74747475,200,200,198,50,148,0,0,4,144,0,4,144,0,0,0,0,gRNA_14308
HDR,0.0,100.0,200,200,1,0,1,0,0,0,1,0,0,1,0,0,0,0,gRNA_14308
Reference,26.43051771,73.56948229,557,557,367,97,270,0,0,2,269,0,1,268,0,0,1,0,gRNA_14309
HDR,66.13756614,33.86243386,557,557,189,125,64,0,0,0,64,0,0,64,0,0,0,0,gRNA_14309
Reference,0.0,100.0,2120,1839,1286,0,1286,0,0,68,1223,0,63,1218,0,0,5,0,gRNA_14310
HDR,0.0,100.0,2120,1839,421,0,421,0,0,6,421,0,0,415,0,0,6,0,gRNA_14310
Reference,0.24390244,99.75609756,441,441,410,1,409,0,1,3,409,0,0,405,0,1,3,0,gRNA_14311
HDR,45.16129032,54.83870968,441,441,31,14,17,0,0,0,17,0,0,17,0,0,0,0,gRNA_14311
Reference,0.0,100.0,136,135,109,0,109,0,0,3,109,0,0,106,0,0,3,0,gRNA_14312
HDR,0.0,100.0,136,135,26,0,26,0,0,0,26,0,0,26,0,0,0,0,gRNA_14312
Reference,29.78723404,70.21276596,174,170,141,42,99,0,4,0,99,0,0,95,0,4,0,0,gRNA_14313
HDR,33.33333333,66.66666667,174,170,18,6,12,0,0,0,12,0,0,12,0,0,0,0,gRNA_14313
Reference,0.27173913,99.72826087,1065,1023,368,1,367,0,0,3,366,0,1,364,0,0,2,0,gRNA_14314
HDR,11.72638436,88.27361564,1065,1023,614,72,542,0,0,3,539,0,3,539,0,0,0,0,gRNA_14314
Reference,0.0,100.0,1056,1055,104,0,104,0,0,94,15,0,89,10,0,0,5,0,gRNA_14315
HDR,11.00529101,88.99470899,1056,1055,945,104,841,0,27,236,820,18,1,581,2,6,232,1,gRNA_14315
Reference,0.33112583,99.66887417,3646,3642,604,2,602,0,130,9,592,9,1,463,0,121,8,0,gRNA_14316
HDR,2.70627063,97.29372937,3646,3642,3030,82,2948,0,1,55,2935,0,13,2892,0,1,42,0,gRNA_14316
Reference,2.28571429,97.71428571,311,311,175,4,171,0,8,9,164,0,0,162,7,0,1,1,gRNA_14317
HDR,0.0,100.0,311,311,109,0,109,0,0,1,109,0,0,108,0,0,1,0,gRNA_14317
Reference,0.0,100.0,1082,683,209,0,209,0,12,14,197,0,0,195,12,0,2,0,gRNA_14318
HDR,32.22222222,67.77777778,1082,683,450,145,305,0,0,1,305,0,0,304,0,0,1,0,gRNA_14318
Reference,0.16155089,99.83844911,641,641,619,1,618,0,6,1,618,0,0,611,0,6,1,0,gRNA_14319
HDR,0.0,100.0,641,641,20,0,20,0,0,0,20,0,0,20,0,0,0,0,gRNA_14319
Reference,16.27906977,83.72093023,216,216,172,28,144,0,7,2,143,0,1,135,0,7,1,0,gRNA_14320
HDR,47.61904762,52.38095238,216,216,42,20,22,0,0,0,22,0,0,22,0,0,0,0,gRNA_14320
Reference,6.94444444,93.05555556,410,410,144,10,134,0,1,66,133,0,0,68,1,0,65,0,gRNA_14321
HDR,16.16541353,83.83458647,410,410,266,43,223,0,0,0,223,0,0,223,0,0,0,0,gRNA_14321
Reference,26.47058824,73.52941176,421,202,34,9,25,0,1,2,22,1,2,22,0,0,0,0,gRNA_14322
HDR,0.0,100.0,421,202,110,0,110,0,0,0,110,0,0,110,0,0,0,0,gRNA_14322
Reference,2.34375,97.65625,284,161,128,3,125,0,11,2,117,6,2,112,0,5,0,0,gRNA_14323
HDR,75.0,25.0,284,161,32,24,8,0,0,0,8,0,0,8,0,0,0,0,gRNA_14323
Reference,5.45454545,94.54545455,59,59,55,3,52,0,6,0,49,3,0,46,0,3,0,0,gRNA_14324
HDR,0.0,100.0,59,59,3,0,3,0,0,0,3,0,0,3,0,0,0,0,gRNA_14324
Reference,2.22222222,97.77777778,276,276,135,3,132,0,0,3,129,0,3,129,0,0,0,0,gRNA_14325
HDR,49.12280702,50.87719298,276,276,114,56,58,0,0,0,58,0,0,58,0,0,0,0,gRNA_14325
Reference,16.0,84.0,376,376,25,4,21,0,0,4,17,0,4,17,0,0,0,0,gRNA_14326
HDR,40.51724138,59.48275862,376,376,348,141,207,0,0,1,206,0,1,206,0,0,0,0,gRNA_14326
Reference,0.52447552,99.47552448,6722,6439,572,3,569,0,30,7,538,24,7,532,0,6,0,0,gRNA_14327
HDR,38.14356892,61.85643108,6722,6439,5419,2067,3352,0,5,24,3336,3,13,3324,0,1,10,1,gRNA_14327
Reference,0.19455253,99.80544747,5276,5239,4112,8,4104,0,130,29,3988,110,3,3949,3,16,22,1,gRNA_14328
HDR,0.0,100.0,5276,5239,1114,0,1114,0,0,5,1114,0,0,1109,0,0,5,0,gRNA_14328
Reference,0.0,100.0,1679,1679,33,0,33,0,0,0,33,0,0,33,0,0,0,0,gRNA_14329
HDR,0.48721072,99.51278928,1679,1679,1642,8,1634,0,0,9,1630,0,4,1625,0,0,5,0,gRNA_14329
Reference,21.49122807,78.50877193,314,314,228,49,179,0,1,2,178,0,1,176,0,1,1,0,gRNA_14330
HDR,0.0,100.0,314,314,81,0,81,0,0,0,81,0,0,81,0,0,0,0,gRNA_14330
Reference,2.38095238,97.61904762,1000,998,504,12,492,0,9,22,465,8,19,461,0,1,3,0,gRNA_14331
HDR,20.04048583,79.95951417,1000,998,494,99,395,0,0,3,393,0,2,392,0,0,1,0,gRNA_14331
Reference,6.25,93.75,168,156,96,6,90,0,0,0,90,0,0,90,0,0,0,0,gRNA_14332
HDR,0.0,100.0,168,156,60,0,60,0,0,1,60,0,0,59,0,0,1,0,gRNA_14332
Reference,20.0,80.0,5,5,5,1,4,0,0,0,4,0,0,4,0,0,0,0,gRNA_14333
HDR,,,5,5,0,0,0,0,0,0,0,0,0,0,0,0,0,0,gRNA_14333
Reference,,,2,2,0,0,0,0,0,0,0,0,0,0,0,0,0,0,gRNA_14334
HDR,0.0,100.0,2,2,2,0,2,0,0,0,2,0,0,2,0,0,0,0,gRNA_14334
Reference,8.73786408,91.26213592,1655,1429,515,45,470,0,0,1,469,0,1,469,0,0,0,0,gRNA_14335
HDR,20.06578947,79.93421053,1655,1429,912,183,729,0,0,15,715,0,14,714,0,0,1,0,gRNA_14335
Reference,32.25806452,67.74193548,337,331,31,10,21,0,0,0,21,0,0,21,0,0,0,0,gRNA_14336
HDR,78.0,22.0,337,331,300,234,66,0,0,1,65,0,1,65,0,0,0,0,gRNA_14336
Reference,2.3255814,97.6744186,65,59,43,1,42,0,1,2,40,1,1,39,0,0,1,0,gRNA_14337
HDR,28.57142857,71.42857143,65,59,14,4,10,0,0,0,10,0,0,10,0,0,0,0,gRNA_14337
Reference,,,266,261,0,0,0,0,0,0,0,0,0,0,0,0,0,0,gRNA_14338
HDR,20.0,80.0,266,261,40,8,32,0,0,1,31,0,1,31,0,0,0,0,gRNA_14338
Reference,,,14,14,0,0,0,0,0,0,0,0,0,0,0,0,0,0,gRNA_14339
HDR,21.42857143,78.57142857,14,14,14,3,11,0,1,0,11,0,0,10,0,1,0,0,gRNA_14339
Reference,0.0,100.0,2162,788,225,0,225,0,36,5,199,21,0,189,5,10,0,0,gRNA_14340
HDR,0.0,100.0,2162,788,348,0,348,0,0,2,348,0,0,346,0,0,2,0,gRNA_14340
Reference,,,1,1,0,0,0,0,0,0,0,0,0,0,0,0,0,0,gRNA_14341
HDR,0.0,100.0,1,1,1,0,1,0,0,0,1,0,0,1,0,0,0,0,gRNA_14341
Reference,27.5,72.5,67,67,40,11,29,0,9,0,29,0,0,20,0,9,0,0,gRNA_14342
HDR,44.44444444,55.55555556,67,67,27,12,15,0,0,0,15,0,0,15,0,0,0,0,gRNA_14342
Reference,23.07692308,76.92307692,40,40,39,9,30,0,0,0,30,0,0,30,0,0,0,0,gRNA_14343
HDR,100.0,0.0,40,40,1,1,0,0,0,0,0,0,0,0,0,0,0,0,gRNA_14343
Reference,47.54098361,52.45901639,66,66,61,29,32,0,0,0,32,0,0,32,0,0,0,0,gRNA_14344
HDR,20.0,80.0,66,66,5,1,4,0,0,0,4,0,0,4,0,0,0,0,gRNA_14344
Reference,86.20689655,13.79310345,66,66,29,25,4,0,0,0,4,0,0,4,0,0,0,0,gRNA_14345
HDR,48.64864865,51.35135135,66,66,37,18,19,0,0,0,19,0,0,19,0,0,0,0,gRNA_14345
Reference,46.60194175,53.39805825,103,103,103,48,55,0,32,0,29,26,0,23,0,6,0,0,gRNA_14346
HDR,,,103,103,0,0,0,0,0,0,0,0,0,0,0,0,0,0,gRNA_14346
Reference,47.18309859,52.81690141,303,303,284,134,150,0,29,22,150,0,0,99,0,29,22,0,gRNA_14347
HDR,11.11111111,88.88888889,303,303,18,2,16,0,0,0,16,0,0,16,0,0,0,0,gRNA_14347
Reference,26.08695652,73.91304348,199,199,138,36,102,0,23,21,80,22,0,58,0,1,21,0,gRNA_14348
HDR,14.0,86.0,199,199,50,7,43,0,1,0,42,1,0,42,0,0,0,0,gRNA_14348
Reference,0.0,100.0,30,30,14,0,14,0,0,0,14,0,0,14,0,0,0,0,gRNA_14349
HDR,0.0,100.0,30,30,16,0,16,0,0,0,16,0,0,16,0,0,0,0,gRNA_14349
Reference,3.0075188,96.9924812,553,553,133,4,129,0,3,0,129,0,0,126,0,3,0,0,gRNA_14350
HDR,0.0,100.0,553,553,332,0,332,0,0,4,332,0,0,328,0,0,4,0,gRNA_14350
Reference,0.0,100.0,178,178,118,0,118,0,0,1,118,0,0,117,0,0,1,0,gRNA_14351
HDR,29.31034483,70.68965517,178,178,58,17,41,0,0,0,41,0,0,41,0,0,0,0,gRNA_14351
Reference,8.78378378,91.21621622,750,750,148,13,135,0,0,0,135,0,0,135,0,0,0,0,gRNA_14352
HDR,0.16977929,99.83022071,750,750,589,1,588,0,0,5,588,0,0,583,0,0,5,0,gRNA_14352
Reference,33.33333333,66.66666667,44,44,6,2,4,0,0,0,4,0,0,4,0,0,0,0,gRNA_14353
HDR,86.84210526,13.15789474,44,44,38,33,5,0,0,0,5,0,0,5,0,0,0,0,gRNA_14353
Reference,,,2,2,0,0,0,0,0,0,0,0,0,0,0,0,0,0,gRNA_14354
HDR,0.0,100.0,2,2,2,0,2,0,0,0,2,0,0,2,0,0,0,0,gRNA_14354
Reference,7.96460177,92.03539823,589,455,113,9,104,0,9,4,99,1,2,93,2,6,0,0,gRNA_14355
HDR,35.25641026,64.74358974,589,455,312,110,202,0,0,59,202,0,0,143,0,0,59,0,gRNA_14355
Reference,29.09090909,70.90909091,350,350,55,16,39,0,0,0,39,0,0,39,0,0,0,0,gRNA_14356
HDR,69.49152542,30.50847458,350,350,295,205,90,0,0,1,89,0,1,89,0,0,0,0,gRNA_14356
Reference,0.25062657,99.74937343,427,427,399,1,398,0,0,2,397,0,1,396,0,0,1,0,gRNA_14357
HDR,0.0,100.0,427,427,28,0,28,0,0,0,28,0,0,28,0,0,0,0,gRNA_14357
Reference,0.16583748,99.83416252,1222,1222,1206,2,1204,0,0,42,1204,0,0,1162,0,0,42,0,gRNA_14358
HDR,0.0,100.0,1222,1222,13,0,13,0,0,0,13,0,0,13,0,0,0,0,gRNA_14358
Reference,30.69544365,69.30455635,721,716,417,128,289,0,0,3,289,0,0,286,0,0,3,0,gRNA_14359
HDR,0.0,100.0,721,716,299,0,299,0,67,0,299,0,0,232,0,67,0,0,gRNA_14359
Reference,8.67579909,91.32420091,769,769,438,38,400,0,5,2,400,0,0,393,0,5,2,0,gRNA_14360
HDR,0.0,100.0,769,769,328,0,328,0,0,0,328,0,0,328,0,0,0,0,gRNA_14360
Reference,8.34697218,91.65302782,621,612,611,51,560,0,0,2,560,0,0,558,0,0,2,0,gRNA_14361
HDR,,,621,612,0,0,0,0,0,0,0,0,0,0,0,0,0,0,gRNA_14361
Reference,0.68965517,99.31034483,1340,1340,145,1,144,0,31,1,115,29,0,113,0,1,0,1,gRNA_14362
HDR,4.68619247,95.31380753,1340,1340,1195,56,1139,0,0,2,1137,0,2,1137,0,0,0,0,gRNA_14362
Reference,3.18181818,96.81818182,2554,2554,220,7,213,0,3,23,211,1,0,188,1,1,22,0,gRNA_14363
HDR,38.46485554,61.53514446,2554,2554,2319,892,1427,0,0,8,1424,0,3,1419,0,0,5,0,gRNA_14363
Reference,7.15725806,92.84274194,1140,1140,992,71,921,0,2,5,917,0,2,916,2,0,1,0,gRNA_14364
HDR,50.58823529,49.41176471,1140,1140,85,43,42,0,0,0,42,0,0,42,0,0,0,0,gRNA_14364
Reference,5.41666667,94.58333333,240,240,240,13,227,0,0,2,227,0,0,225,0,0,2,0,gRNA_14365
HDR,,,240,240,0,0,0,0,0,0,0,0,0,0,0,0,0,0,gRNA_14365
Reference,15.29411765,84.70588235,753,753,425,65,360,0,40,2,346,13,1,318,0,27,1,0,gRNA_14366
HDR,48.1595092,51.8404908,753,753,326,157,169,0,0,2,169,0,0,167,0,0,2,0,gRNA_14366
Reference,8.64197531,91.35802469,268,267,81,7,74,0,0,1,73,0,1,73,0,0,0,0,gRNA_14367
HDR,29.18918919,70.81081081,268,267,185,54,131,0,3,1,130,0,1,127,0,3,0,0,gRNA_14367
Reference,58.13953488,41.86046512,393,393,86,50,36,0,18,1,27,8,1,17,0,10,0,0,gRNA_14368
HDR,86.60130719,13.39869281,393,393,306,265,41,0,0,0,41,0,0,41,0,0,0,0,gRNA_14368
Reference,77.63157895,22.36842105,292,292,76,59,17,0,0,1,16,0,1,16,0,0,0,0,gRNA_14369
HDR,87.03703704,12.96296296,292,292,216,188,28,0,0,1,27,0,1,27,0,0,0,0,gRNA_14369
Reference,74.14330218,25.85669782,328,328,321,238,83,0,0,2,83,0,0,81,0,0,2,0,gRNA_14370
HDR,40.0,60.0,328,328,5,2,3,0,0,0,3,0,0,3,0,0,0,0,gRNA_14370
Reference,0.24350649,99.75649351,2256,1986,1232,3,1229,0,63,9,1229,0,0,1164,0,56,2,7,gRNA_14371
HDR,0.0,100.0,2256,1986,744,0,744,0,1,2,744,0,0,741,0,1,2,0,gRNA_14371
Reference,3.04878049,96.95121951,665,665,656,20,636,0,6,9,633,0,0,624,3,3,6,0,gRNA_14372
HDR,0.0,100.0,665,665,9,0,9,0,0,0,9,0,0,9,0,0,0,0,gRNA_14372
Reference,0.0,100.0,3970,3922,3332,0,3332,0,28,27,3316,16,0,3288,0,1,16,11,gRNA_14373
HDR,0.0,100.0,3970,3922,311,0,311,0,0,1,311,0,0,310,0,0,1,0,gRNA_14373
Reference,41.71779141,58.28220859,521,192,163,68,95,0,0,1,94,0,1,94,0,0,0,0,gRNA_14374
HDR,39.28571429,60.71428571,521,192,28,11,17,0,0,0,17,0,0,17,0,0,0,0,gRNA_14374
Reference,41.44144144,58.55855856,119,119,111,46,65,0,9,1,64,0,1,55,0,9,0,0,gRNA_14375
HDR,0.0,100.0,119,119,8,0,8,0,0,0,8,0,0,8,0,0,0,0,gRNA_14375
Reference,0.0,100.0,2503,2050,1891,0,1891,0,67,16,1887,3,1,1816,0,56,7,8,gRNA_14376
HDR,0.0,100.0,2503,2050,154,0,154,0,0,3,152,0,2,151,0,0,1,0,gRNA_14376
Reference,2.69161753,97.30838247,4213,4055,3901,105,3796,0,1,17,3791,0,5,3778,0,1,12,0,gRNA_14377
HDR,1.83486239,98.16513761,4213,4055,109,2,107,0,0,3,104,0,3,104,0,0,0,0,gRNA_14377
Reference,0.0,100.0,53,51,38,0,38,0,6,0,34,4,0,32,0,2,0,0,gRNA_14378
HDR,0.0,100.0,53,51,13,0,13,0,0,0,13,0,0,13,0,0,0,0,gRNA_14378
Reference,0.14204545,99.85795455,2196,2195,2112,3,2109,0,52,82,2035,0,24,2026,50,1,7,1,gRNA_14379
HDR,0.0,100.0,2196,2195,12,0,12,0,0,0,12,0,0,12,0,0,0,0,gRNA_14379
Reference,0.0,100.0,302,300,16,0,16,0,0,0,16,0,0,16,0,0,0,0,gRNA_14380
HDR,0.0,100.0,302,300,284,0,284,0,0,60,229,0,55,224,0,0,5,0,gRNA_14380
Reference,32.94117647,67.05882353,101,101,85,28,57,0,0,0,57,0,0,57,0,0,0,0,gRNA_14381
HDR,12.5,87.5,101,101,16,2,14,0,0,0,14,0,0,14,0,0,0,0,gRNA_14381
Reference,0.0,100.0,75,75,5,0,5,0,3,0,4,1,0,2,0,2,0,0,gRNA_14382
HDR,43.47826087,56.52173913,75,75,69,30,39,0,0,0,39,0,0,39,0,0,0,0,gRNA_14382
Reference,0.0,100.0,14,14,2,0,2,0,0,0,2,0,0,2,0,0,0,0,gRNA_14383
HDR,0.0,100.0,14,14,11,0,11,0,0,1,11,0,0,10,0,0,1,0,gRNA_14383
Reference,10.28368794,89.71631206,767,767,564,58,506,0,3,3,505,0,1,501,0,2,1,1,gRNA_14384
HDR,21.77419355,78.22580645,767,767,124,27,97,0,0,0,97,0,0,97,0,0,0,0,gRNA_14384
Reference,16.66666667,83.33333333,684,684,48,8,40,0,22,0,39,1,0,18,0,21,0,0,gRNA_14385
HDR,72.32704403,27.67295597,684,684,636,460,176,0,1,82,175,0,1,93,0,1,81,0,gRNA_14385
Reference,0.0,100.0,542,541,357,0,357,0,11,1,357,0,0,345,0,11,1,0,gRNA_14386
HDR,9.35672515,90.64327485,542,541,171,16,155,0,0,2,155,0,0,153,0,0,2,0,gRNA_14386
Reference,47.83861671,52.16138329,499,414,347,166,181,0,9,53,173,0,0,128,8,0,44,1,gRNA_14387
HDR,,,499,414,0,0,0,0,0,0,0,0,0,0,0,0,0,0,gRNA_14387
Reference,15.2173913,84.7826087,102,102,92,14,78,0,2,1,78,0,0,76,0,1,0,1,gRNA_14388
HDR,10.0,90.0,102,102,10,1,9,0,0,0,9,0,0,9,0,0,0,0,gRNA_14388
Reference,0.0,100.0,33,33,3,0,3,0,0,0,3,0,0,3,0,0,0,0,gRNA_14389
HDR,40.0,60.0,33,33,30,12,18,0,0,0,18,0,0,18,0,0,0,0,gRNA_14389
Reference,0.57692308,99.42307692,745,721,520,3,517,0,13,1,515,2,0,503,0,11,1,0,gRNA_14390
HDR,3.26086957,96.73913043,745,721,184,6,178,0,10,35,149,0,29,133,0,10,6,0,gRNA_14390
Reference,36.17021277,63.82978723,189,164,47,17,30,0,0,14,20,0,10,16,0,0,4,0,gRNA_14391
HDR,0.0,100.0,189,164,117,0,117,0,0,0,117,0,0,117,0,0,0,0,gRNA_14391
Reference,11.9266055,88.0733945,389,387,218,26,192,0,0,1,192,0,0,191,0,0,1,0,gRNA_14392
HDR,1.17647059,98.82352941,389,387,85,1,84,0,0,0,84,0,0,84,0,0,0,0,gRNA_14392
Reference,0.0,100.0,1527,1526,707,0,707,0,48,48,707,0,0,659,0,0,0,48,gRNA_14393
HDR,0.0,100.0,1527,1526,803,0,803,0,9,5,802,0,1,789,0,9,4,0,gRNA_14393
Reference,4.64933018,95.35066982,1535,1519,1269,59,1210,0,0,240,981,0,229,970,0,0,11,0,gRNA_14394
HDR,3.79746835,96.20253165,1535,1519,79,3,76,0,0,3,74,0,2,73,0,0,1,0,gRNA_14394
Reference,30.28169014,69.71830986,994,994,142,43,99,0,18,1,88,11,0,80,0,7,1,0,gRNA_14395
HDR,17.33966746,82.66033254,994,994,842,146,696,0,41,118,588,0,108,537,0,41,10,0,gRNA_14395
Reference,5.92334495,94.07665505,1396,1396,287,17,270,0,0,0,270,0,0,270,0,0,0,0,gRNA_14396
HDR,2.38095238,97.61904762,1396,1396,1050,25,1025,0,0,3,1025,0,0,1022,0,0,3,0,gRNA_14396
Reference,,,121,121,0,0,0,0,0,0,0,0,0,0,0,0,0,0,gRNA_14397
HDR,83.33333333,16.66666667,121,121,120,100,20,0,0,1,20,0,0,19,0,0,1,0,gRNA_14397
Reference,1.13636364,98.86363636,1390,1197,88,1,87,0,0,84,17,0,70,3,0,0,14,0,gRNA_14398
HDR,13.56238698,86.43761302,1390,1197,1106,150,956,0,0,7,951,0,5,949,0,0,2,0,gRNA_14398
Reference,,,1000,1000,0,0,0,0,0,0,0,0,0,0,0,0,0,0,gRNA_14399
HDR,23.1,76.9,1000,1000,1000,231,769,0,0,2,767,0,2,767,0,0,0,0,gRNA_14399
Reference,0.0,100.0,860,859,8,0,8,0,1,0,8,0,0,7,0,1,0,0,gRNA_14400
HDR,3.23785803,96.76214197,860,859,803,26,777,0,15,7,776,0,1,755,0,15,6,0,gRNA_14400
Reference,0.0,100.0,649,649,466,0,466,0,3,76,463,2,0,388,1,0,75,0,gRNA_14401
HDR,14.52991453,85.47008547,649,649,117,17,100,0,0,1,100,0,0,99,0,0,1,0,gRNA_14401
Reference,0.86956522,99.13043478,464,464,115,1,114,0,0,1,113,0,1,113,0,0,0,0,gRNA_14402
HDR,16.33237822,83.66762178,464,464,349,57,292,0,0,1,292,0,0,291,0,0,1,0,gRNA_14402
Reference,2.65151515,97.34848485,455,455,264,7,257,0,139,0,247,10,0,118,0,129,0,0,gRNA_14403
HDR,64.92146597,35.07853403,455,455,191,124,67,0,0,3,64,0,3,64,0,0,0,0,gRNA_14403
Reference,2.18934911,97.81065089,1806,1696,1690,37,1653,0,0,8,1647,0,6,1645,0,0,2,0,gRNA_14404
HDR,0.0,100.0,1806,1696,3,0,3,0,0,0,3,0,0,3,0,0,0,0,gRNA_14404
Reference,7.33944954,92.66055046,403,403,109,8,101,0,0,0,101,0,0,101,0,0,0,0,gRNA_14405
HDR,35.29411765,64.70588235,403,403,272,96,176,0,0,1,176,0,0,175,0,0,1,0,gRNA_14405
Reference,0.7751938,99.2248062,205,205,129,1,128,0,1,1,127,1,0,126,0,0,1,0,gRNA_14406
HDR,18.42105263,81.57894737,205,205,76,14,62,0,0,0,62,0,0,62,0,0,0,0,gRNA_14406
Reference,0.0,100.0,313,313,165,0,165,0,0,1,164,0,1,164,0,0,0,0,gRNA_14407
HDR,0.68027211,99.31972789,313,313,147,1,146,0,0,2,145,0,1,144,0,0,1,0,gRNA_14407
Reference,12.97709924,87.02290076,737,729,262,34,228,0,0,1,228,0,0,227,0,0,1,0,gRNA_14408
HDR,66.9250646,33.0749354,737,729,387,259,128,0,0,2,126,0,2,126,0,0,0,0,gRNA_14408
Reference,0.65789474,99.34210526,172,170,152,1,151,0,9,1,151,0,0,141,0,9,1,0,gRNA_14409
HDR,0.0,100.0,172,170,17,0,17,0,0,0,17,0,0,17,0,0,0,0,gRNA_14409
Reference,4.32098765,95.67901235,339,339,324,14,310,0,1,3,307,0,2,307,1,0,0,0,gRNA_14410
HDR,,,339,339,0,0,0,0,0,0,0,0,0,0,0,0,0,0,gRNA_14410
Reference,0.35149385,99.64850615,571,571,569,2,567,0,25,1,565,2,0,541,0,23,1,0,gRNA_14411
HDR,,,571,571,0,0,0,0,0,0,0,0,0,0,0,0,0,0,gRNA_14411
Reference,74.03918613,25.96081387,2845,2845,2654,1965,689,0,0,7,685,0,4,682,0,0,3,0,gRNA_14412
HDR,80.32786885,19.67213115,2845,2845,183,147,36,0,0,2,35,0,1,34,0,0,1,0,gRNA_14412
